"","waveform","serial","offset","time.sec","voltage.mv","date.time"
"1",-52,"RLA496825S",1.127,1.127,-0.04238,2019-11-25 21:05:00
"2",-276,"RLA496825S",1.127,1.1348125,-0.22494,2019-11-25 21:05:00
"3",-532,"RLA496825S",1.127,1.142625,-0.43358,2019-11-25 21:05:00
"4",-592,"RLA496825S",1.127,1.1504375,-0.48248,2019-11-25 21:05:00
"5",-486,"RLA496825S",1.127,1.15825,-0.39609,2019-11-25 21:05:00
"6",-470,"RLA496825S",1.127,1.1660625,-0.38305,2019-11-25 21:05:00
"7",-503,"RLA496825S",1.127,1.173875,-0.409945,2019-11-25 21:05:00
"8",-468,"RLA496825S",1.127,1.1816875,-0.38142,2019-11-25 21:05:00
"9",-498,"RLA496825S",1.127,1.1895,-0.40587,2019-11-25 21:05:00
"10",-479,"RLA496825S",1.127,1.1973125,-0.390385,2019-11-25 21:05:00
"11",-450,"RLA496825S",1.127,1.205125,-0.36675,2019-11-25 21:05:00
"12",-505,"RLA496825S",1.127,1.2129375,-0.411575,2019-11-25 21:05:00
"13",-516,"RLA496825S",1.127,1.22075,-0.42054,2019-11-25 21:05:00
"14",-509,"RLA496825S",1.127,1.2285625,-0.414835,2019-11-25 21:05:00
"15",-501,"RLA496825S",1.127,1.236375,-0.408315,2019-11-25 21:05:00
"16",-503,"RLA496825S",1.127,1.2441875,-0.409945,2019-11-25 21:05:00
"17",-512,"RLA496825S",1.127,1.252,-0.41728,2019-11-25 21:05:00
"18",-502,"RLA496825S",1.127,1.2598125,-0.40913,2019-11-25 21:05:00
"19",-519,"RLA496825S",1.127,1.267625,-0.422985,2019-11-25 21:05:00
"20",-536,"RLA496825S",1.127,1.2754375,-0.43684,2019-11-25 21:05:00
"21",-541,"RLA496825S",1.127,1.28325,-0.440915,2019-11-25 21:05:00
"22",-560,"RLA496825S",1.127,1.2910625,-0.4564,2019-11-25 21:05:00
"23",-575,"RLA496825S",1.127,1.298875,-0.468625,2019-11-25 21:05:00
"24",-594,"RLA496825S",1.127,1.3066875,-0.48411,2019-11-25 21:05:00
"25",-566,"RLA496825S",1.127,1.3145,-0.46129,2019-11-25 21:05:00
"26",-507,"RLA496825S",1.127,1.3223125,-0.413205,2019-11-25 21:05:00
"27",-476,"RLA496825S",1.127,1.330125,-0.38794,2019-11-25 21:05:00
"28",-458,"RLA496825S",1.127,1.3379375,-0.37327,2019-11-25 21:05:00
"29",-447,"RLA496825S",1.127,1.34575,-0.364305,2019-11-25 21:05:00
"30",-444,"RLA496825S",1.127,1.3535625,-0.36186,2019-11-25 21:05:00
"31",-441,"RLA496825S",1.127,1.361375,-0.359415,2019-11-25 21:05:00
"32",-448,"RLA496825S",1.127,1.3691875,-0.36512,2019-11-25 21:05:00
"33",-447,"RLA496825S",1.127,1.377,-0.364305,2019-11-25 21:05:00
"34",-444,"RLA496825S",1.127,1.3848125,-0.36186,2019-11-25 21:05:00
"35",-446,"RLA496825S",1.127,1.392625,-0.36349,2019-11-25 21:05:00
"36",-446,"RLA496825S",1.127,1.4004375,-0.36349,2019-11-25 21:05:00
"37",-448,"RLA496825S",1.127,1.40825,-0.36512,2019-11-25 21:05:00
"38",-449,"RLA496825S",1.127,1.4160625,-0.365935,2019-11-25 21:05:00
"39",-444,"RLA496825S",1.127,1.423875,-0.36186,2019-11-25 21:05:00
"40",-443,"RLA496825S",1.127,1.4316875,-0.361045,2019-11-25 21:05:00
"41",-448,"RLA496825S",1.127,1.4395,-0.36512,2019-11-25 21:05:00
"42",-450,"RLA496825S",1.127,1.4473125,-0.36675,2019-11-25 21:05:00
"43",-449,"RLA496825S",1.127,1.455125,-0.365935,2019-11-25 21:05:00
"44",-449,"RLA496825S",1.127,1.4629375,-0.365935,2019-11-25 21:05:00
"45",-449,"RLA496825S",1.127,1.47075,-0.365935,2019-11-25 21:05:00
"46",-449,"RLA496825S",1.127,1.4785625,-0.365935,2019-11-25 21:05:00
"47",-448,"RLA496825S",1.127,1.486375,-0.36512,2019-11-25 21:05:00
"48",-449,"RLA496825S",1.127,1.4941875,-0.365935,2019-11-25 21:05:00
"49",-451,"RLA496825S",1.127,1.502,-0.367565,2019-11-25 21:05:00
"50",-447,"RLA496825S",1.127,1.5098125,-0.364305,2019-11-25 21:05:00
"51",-445,"RLA496825S",1.127,1.517625,-0.362675,2019-11-25 21:05:00
"52",-449,"RLA496825S",1.127,1.5254375,-0.365935,2019-11-25 21:05:00
"53",-449,"RLA496825S",1.127,1.53325,-0.365935,2019-11-25 21:05:00
"54",-448,"RLA496825S",1.127,1.5410625,-0.36512,2019-11-25 21:05:00
"55",-448,"RLA496825S",1.127,1.548875,-0.36512,2019-11-25 21:05:00
"56",-446,"RLA496825S",1.127,1.5566875,-0.36349,2019-11-25 21:05:00
"57",-446,"RLA496825S",1.127,1.5645,-0.36349,2019-11-25 21:05:00
"58",-449,"RLA496825S",1.127,1.5723125,-0.365935,2019-11-25 21:05:00
"59",-450,"RLA496825S",1.127,1.580125,-0.36675,2019-11-25 21:05:00
"60",-448,"RLA496825S",1.127,1.5879375,-0.36512,2019-11-25 21:05:00
"61",-448,"RLA496825S",1.127,1.59575,-0.36512,2019-11-25 21:05:00
"62",-448,"RLA496825S",1.127,1.6035625,-0.36512,2019-11-25 21:05:00
"63",-450,"RLA496825S",1.127,1.611375,-0.36675,2019-11-25 21:05:00
"64",-452,"RLA496825S",1.127,1.6191875,-0.36838,2019-11-25 21:05:00
"65",-450,"RLA496825S",1.127,1.627,-0.36675,2019-11-25 21:05:00
"66",-450,"RLA496825S",1.127,1.6348125,-0.36675,2019-11-25 21:05:00
"67",-452,"RLA496825S",1.127,1.642625,-0.36838,2019-11-25 21:05:00
"68",-452,"RLA496825S",1.127,1.6504375,-0.36838,2019-11-25 21:05:00
"69",-452,"RLA496825S",1.127,1.65825,-0.36838,2019-11-25 21:05:00
"70",-452,"RLA496825S",1.127,1.6660625,-0.36838,2019-11-25 21:05:00
"71",-450,"RLA496825S",1.127,1.673875,-0.36675,2019-11-25 21:05:00
"72",-450,"RLA496825S",1.127,1.6816875,-0.36675,2019-11-25 21:05:00
"73",-453,"RLA496825S",1.127,1.6895,-0.369195,2019-11-25 21:05:00
"74",-455,"RLA496825S",1.127,1.6973125,-0.370825,2019-11-25 21:05:00
"75",-454,"RLA496825S",1.127,1.705125,-0.37001,2019-11-25 21:05:00
"76",-452,"RLA496825S",1.127,1.7129375,-0.36838,2019-11-25 21:05:00
"77",-449,"RLA496825S",1.127,1.72075,-0.365935,2019-11-25 21:05:00
"78",-449,"RLA496825S",1.127,1.7285625,-0.365935,2019-11-25 21:05:00
"79",-451,"RLA496825S",1.127,1.736375,-0.367565,2019-11-25 21:05:00
"80",-452,"RLA496825S",1.127,1.7441875,-0.36838,2019-11-25 21:05:00
"81",-452,"RLA496825S",1.127,1.752,-0.36838,2019-11-25 21:05:00
"82",-453,"RLA496825S",1.127,1.7598125,-0.369195,2019-11-25 21:05:00
"83",-455,"RLA496825S",1.127,1.767625,-0.370825,2019-11-25 21:05:00
"84",-454,"RLA496825S",1.127,1.7754375,-0.37001,2019-11-25 21:05:00
"85",-453,"RLA496825S",1.127,1.78325,-0.369195,2019-11-25 21:05:00
"86",-456,"RLA496825S",1.127,1.7910625,-0.37164,2019-11-25 21:05:00
"87",-457,"RLA496825S",1.127,1.798875,-0.372455,2019-11-25 21:05:00
"88",-455,"RLA496825S",1.127,1.8066875,-0.370825,2019-11-25 21:05:00
"89",-453,"RLA496825S",1.127,1.8145,-0.369195,2019-11-25 21:05:00
"90",-454,"RLA496825S",1.127,1.8223125,-0.37001,2019-11-25 21:05:00
"91",-456,"RLA496825S",1.127,1.830125,-0.37164,2019-11-25 21:05:00
"92",-455,"RLA496825S",1.127,1.8379375,-0.370825,2019-11-25 21:05:00
"93",-455,"RLA496825S",1.127,1.84575,-0.370825,2019-11-25 21:05:00
"94",-456,"RLA496825S",1.127,1.8535625,-0.37164,2019-11-25 21:05:00
"95",-456,"RLA496825S",1.127,1.861375,-0.37164,2019-11-25 21:05:00
"96",-455,"RLA496825S",1.127,1.8691875,-0.370825,2019-11-25 21:05:00
"97",-456,"RLA496825S",1.127,1.877,-0.37164,2019-11-25 21:05:00
"98",-457,"RLA496825S",1.127,1.8848125,-0.372455,2019-11-25 21:05:00
"99",-457,"RLA496825S",1.127,1.892625,-0.372455,2019-11-25 21:05:00
"100",-454,"RLA496825S",1.127,1.9004375,-0.37001,2019-11-25 21:05:00
"101",-451,"RLA496825S",1.127,1.90825,-0.367565,2019-11-25 21:05:00
"102",-453,"RLA496825S",1.127,1.9160625,-0.369195,2019-11-25 21:05:00
"103",-454,"RLA496825S",1.127,1.923875,-0.37001,2019-11-25 21:05:00
"104",-453,"RLA496825S",1.127,1.9316875,-0.369195,2019-11-25 21:05:00
"105",-455,"RLA496825S",1.127,1.9395,-0.370825,2019-11-25 21:05:00
"106",-454,"RLA496825S",1.127,1.9473125,-0.37001,2019-11-25 21:05:00
"107",-453,"RLA496825S",1.127,1.955125,-0.369195,2019-11-25 21:05:00
"108",-453,"RLA496825S",1.127,1.9629375,-0.369195,2019-11-25 21:05:00
"109",-456,"RLA496825S",1.127,1.97075,-0.37164,2019-11-25 21:05:00
"110",-460,"RLA496825S",1.127,1.9785625,-0.3749,2019-11-25 21:05:00
"111",-459,"RLA496825S",1.127,1.986375,-0.374085,2019-11-25 21:05:00
"112",-453,"RLA496825S",1.127,1.9941875,-0.369195,2019-11-25 21:05:00
"113",-425,"RLA496825S",1.127,2.002,-0.346375,2019-11-25 21:05:00
"114",-415,"RLA496825S",1.127,2.0098125,-0.338225,2019-11-25 21:05:00
"115",-453,"RLA496825S",1.127,2.017625,-0.369195,2019-11-25 21:05:00
"116",-473,"RLA496825S",1.127,2.0254375,-0.385495,2019-11-25 21:05:00
"117",-457,"RLA496825S",1.127,2.03325,-0.372455,2019-11-25 21:05:00
"118",-450,"RLA496825S",1.127,2.0410625,-0.36675,2019-11-25 21:05:00
"119",-454,"RLA496825S",1.127,2.048875,-0.37001,2019-11-25 21:05:00
"120",-452,"RLA496825S",1.127,2.0566875,-0.36838,2019-11-25 21:05:00
"121",-448,"RLA496825S",1.127,2.0645,-0.36512,2019-11-25 21:05:00
"122",-446,"RLA496825S",1.127,2.0723125,-0.36349,2019-11-25 21:05:00
"123",-443,"RLA496825S",1.127,2.080125,-0.361045,2019-11-25 21:05:00
"124",-446,"RLA496825S",1.127,2.0879375,-0.36349,2019-11-25 21:05:00
"125",-444,"RLA496825S",1.127,2.09575,-0.36186,2019-11-25 21:05:00
"126",-437,"RLA496825S",1.127,2.1035625,-0.356155,2019-11-25 21:05:00
"127",-469,"RLA496825S",1.127,2.111375,-0.382235,2019-11-25 21:05:00
"128",-740,"RLA496825S",1.127,2.1191875,-0.6031,2019-11-25 21:05:00
"129",-809,"RLA496825S",1.127,2.127,-0.659335,2019-11-25 21:05:00
"130",-403,"RLA496825S",1.127,2.1348125,-0.328445,2019-11-25 21:05:00
"131",-211,"RLA496825S",1.127,2.142625,-0.171965,2019-11-25 21:05:00
"132",-445,"RLA496825S",1.127,2.1504375,-0.362675,2019-11-25 21:05:00
"133",-486,"RLA496825S",1.127,2.15825,-0.39609,2019-11-25 21:05:00
"134",-413,"RLA496825S",1.127,2.1660625,-0.336595,2019-11-25 21:05:00
"135",-462,"RLA496825S",1.127,2.173875,-0.37653,2019-11-25 21:05:00
"136",-483,"RLA496825S",1.127,2.1816875,-0.393645,2019-11-25 21:05:00
"137",-457,"RLA496825S",1.127,2.1895,-0.372455,2019-11-25 21:05:00
"138",-475,"RLA496825S",1.127,2.1973125,-0.387125,2019-11-25 21:05:00
"139",-467,"RLA496825S",1.127,2.205125,-0.380605,2019-11-25 21:05:00
"140",-499,"RLA496825S",1.127,2.2129375,-0.406685,2019-11-25 21:05:00
"141",-529,"RLA496825S",1.127,2.22075,-0.431135,2019-11-25 21:05:00
"142",-478,"RLA496825S",1.127,2.2285625,-0.38957,2019-11-25 21:05:00
"143",-487,"RLA496825S",1.127,2.236375,-0.396905,2019-11-25 21:05:00
"144",-499,"RLA496825S",1.127,2.2441875,-0.406685,2019-11-25 21:05:00
"145",-495,"RLA496825S",1.127,2.252,-0.403425,2019-11-25 21:05:00
"146",-502,"RLA496825S",1.127,2.2598125,-0.40913,2019-11-25 21:05:00
"147",-505,"RLA496825S",1.127,2.267625,-0.411575,2019-11-25 21:05:00
"148",-527,"RLA496825S",1.127,2.2754375,-0.429505,2019-11-25 21:05:00
"149",-537,"RLA496825S",1.127,2.28325,-0.437655,2019-11-25 21:05:00
"150",-544,"RLA496825S",1.127,2.2910625,-0.44336,2019-11-25 21:05:00
"151",-574,"RLA496825S",1.127,2.298875,-0.46781,2019-11-25 21:05:00
"152",-604,"RLA496825S",1.127,2.3066875,-0.49226,2019-11-25 21:05:00
"153",-600,"RLA496825S",1.127,2.3145,-0.489,2019-11-25 21:05:00
"154",-540,"RLA496825S",1.127,2.3223125,-0.4401,2019-11-25 21:05:00
"155",-465,"RLA496825S",1.127,2.330125,-0.378975,2019-11-25 21:05:00
"156",-425,"RLA496825S",1.127,2.3379375,-0.346375,2019-11-25 21:05:00
"157",-407,"RLA496825S",1.127,2.34575,-0.331705,2019-11-25 21:05:00
"158",-407,"RLA496825S",1.127,2.3535625,-0.331705,2019-11-25 21:05:00
"159",-405,"RLA496825S",1.127,2.361375,-0.330075,2019-11-25 21:05:00
"160",-403,"RLA496825S",1.127,2.3691875,-0.328445,2019-11-25 21:05:00
"161",-406,"RLA496825S",1.127,2.377,-0.33089,2019-11-25 21:05:00
"162",-406,"RLA496825S",1.127,2.3848125,-0.33089,2019-11-25 21:05:00
"163",-402,"RLA496825S",1.127,2.392625,-0.32763,2019-11-25 21:05:00
"164",-403,"RLA496825S",1.127,2.4004375,-0.328445,2019-11-25 21:05:00
"165",-404,"RLA496825S",1.127,2.40825,-0.32926,2019-11-25 21:05:00
"166",-404,"RLA496825S",1.127,2.4160625,-0.32926,2019-11-25 21:05:00
"167",-401,"RLA496825S",1.127,2.423875,-0.326815,2019-11-25 21:05:00
"168",-406,"RLA496825S",1.127,2.4316875,-0.33089,2019-11-25 21:05:00
"169",-412,"RLA496825S",1.127,2.4395,-0.33578,2019-11-25 21:05:00
"170",-409,"RLA496825S",1.127,2.4473125,-0.333335,2019-11-25 21:05:00
"171",-411,"RLA496825S",1.127,2.455125,-0.334965,2019-11-25 21:05:00
"172",-414,"RLA496825S",1.127,2.4629375,-0.33741,2019-11-25 21:05:00
"173",-412,"RLA496825S",1.127,2.47075,-0.33578,2019-11-25 21:05:00
"174",-411,"RLA496825S",1.127,2.4785625,-0.334965,2019-11-25 21:05:00
"175",-411,"RLA496825S",1.127,2.486375,-0.334965,2019-11-25 21:05:00
"176",-411,"RLA496825S",1.127,2.4941875,-0.334965,2019-11-25 21:05:00
"177",-409,"RLA496825S",1.127,2.502,-0.333335,2019-11-25 21:05:00
"178",-406,"RLA496825S",1.127,2.5098125,-0.33089,2019-11-25 21:05:00
"179",-404,"RLA496825S",1.127,2.517625,-0.32926,2019-11-25 21:05:00
"180",-403,"RLA496825S",1.127,2.5254375,-0.328445,2019-11-25 21:05:00
"181",-403,"RLA496825S",1.127,2.53325,-0.328445,2019-11-25 21:05:00
"182",-407,"RLA496825S",1.127,2.5410625,-0.331705,2019-11-25 21:05:00
"183",-412,"RLA496825S",1.127,2.548875,-0.33578,2019-11-25 21:05:00
"184",-412,"RLA496825S",1.127,2.5566875,-0.33578,2019-11-25 21:05:00
"185",-408,"RLA496825S",1.127,2.5645,-0.33252,2019-11-25 21:05:00
"186",-406,"RLA496825S",1.127,2.5723125,-0.33089,2019-11-25 21:05:00
"187",-409,"RLA496825S",1.127,2.580125,-0.333335,2019-11-25 21:05:00
"188",-409,"RLA496825S",1.127,2.5879375,-0.333335,2019-11-25 21:05:00
"189",-407,"RLA496825S",1.127,2.59575,-0.331705,2019-11-25 21:05:00
"190",-409,"RLA496825S",1.127,2.6035625,-0.333335,2019-11-25 21:05:00
"191",-410,"RLA496825S",1.127,2.611375,-0.33415,2019-11-25 21:05:00
"192",-411,"RLA496825S",1.127,2.6191875,-0.334965,2019-11-25 21:05:00
"193",-409,"RLA496825S",1.127,2.627,-0.333335,2019-11-25 21:05:00
"194",-388,"RLA496825S",1.127,2.6348125,-0.31622,2019-11-25 21:05:00
"195",-383,"RLA496825S",1.127,2.642625,-0.312145,2019-11-25 21:05:00
"196",-423,"RLA496825S",1.127,2.6504375,-0.344745,2019-11-25 21:05:00
"197",-442,"RLA496825S",1.127,2.65825,-0.36023,2019-11-25 21:05:00
"198",-420,"RLA496825S",1.127,2.6660625,-0.3423,2019-11-25 21:05:00
"199",-411,"RLA496825S",1.127,2.673875,-0.334965,2019-11-25 21:05:00
"200",-417,"RLA496825S",1.127,2.6816875,-0.339855,2019-11-25 21:05:00
"201",-416,"RLA496825S",1.127,2.6895,-0.33904,2019-11-25 21:05:00
"202",-416,"RLA496825S",1.127,2.6973125,-0.33904,2019-11-25 21:05:00
"203",-415,"RLA496825S",1.127,2.705125,-0.338225,2019-11-25 21:05:00
"204",-407,"RLA496825S",1.127,2.7129375,-0.331705,2019-11-25 21:05:00
"205",-409,"RLA496825S",1.127,2.72075,-0.333335,2019-11-25 21:05:00
"206",-413,"RLA496825S",1.127,2.7285625,-0.336595,2019-11-25 21:05:00
"207",-397,"RLA496825S",1.127,2.736375,-0.323555,2019-11-25 21:05:00
"208",-508,"RLA496825S",1.127,2.7441875,-0.41402,2019-11-25 21:05:00
"209",-917,"RLA496825S",1.127,2.752,-0.747355,2019-11-25 21:05:00
"210",-1074,"RLA496825S",1.127,2.7598125,-0.87531,2019-11-25 21:05:00
"211",-509,"RLA496825S",1.127,2.767625,-0.414835,2019-11-25 21:05:00
"212",-139,"RLA496825S",1.127,2.7754375,-0.113285,2019-11-25 21:05:00
"213",-372,"RLA496825S",1.127,2.78325,-0.30318,2019-11-25 21:05:00
"214",-468,"RLA496825S",1.127,2.7910625,-0.38142,2019-11-25 21:05:00
"215",-388,"RLA496825S",1.127,2.798875,-0.31622,2019-11-25 21:05:00
"216",-451,"RLA496825S",1.127,2.8066875,-0.367565,2019-11-25 21:05:00
"217",-457,"RLA496825S",1.127,2.8145,-0.372455,2019-11-25 21:05:00
"218",-429,"RLA496825S",1.127,2.8223125,-0.349635,2019-11-25 21:05:00
"219",-452,"RLA496825S",1.127,2.830125,-0.36838,2019-11-25 21:05:00
"220",-454,"RLA496825S",1.127,2.8379375,-0.37001,2019-11-25 21:05:00
"221",-476,"RLA496825S",1.127,2.84575,-0.38794,2019-11-25 21:05:00
"222",-477,"RLA496825S",1.127,2.8535625,-0.388755,2019-11-25 21:05:00
"223",-437,"RLA496825S",1.127,2.861375,-0.356155,2019-11-25 21:05:00
"224",-494,"RLA496825S",1.127,2.8691875,-0.40261,2019-11-25 21:05:00
"225",-507,"RLA496825S",1.127,2.877,-0.413205,2019-11-25 21:05:00
"226",-515,"RLA496825S",1.127,2.8848125,-0.419725,2019-11-25 21:05:00
"227",-538,"RLA496825S",1.127,2.892625,-0.43847,2019-11-25 21:05:00
"228",-555,"RLA496825S",1.127,2.9004375,-0.452325,2019-11-25 21:05:00
"229",-587,"RLA496825S",1.127,2.90825,-0.478405,2019-11-25 21:05:00
"230",-616,"RLA496825S",1.127,2.9160625,-0.50204,2019-11-25 21:05:00
"231",-649,"RLA496825S",1.127,2.923875,-0.528935,2019-11-25 21:05:00
"232",-696,"RLA496825S",1.127,2.9316875,-0.56724,2019-11-25 21:05:00
"233",-675,"RLA496825S",1.127,2.9395,-0.550125,2019-11-25 21:05:00
"234",-587,"RLA496825S",1.127,2.9473125,-0.478405,2019-11-25 21:05:00
"235",-458,"RLA496825S",1.127,2.955125,-0.37327,2019-11-25 21:05:00
"236",-381,"RLA496825S",1.127,2.9629375,-0.310515,2019-11-25 21:05:00
"237",-375,"RLA496825S",1.127,2.97075,-0.305625,2019-11-25 21:05:00
"238",-371,"RLA496825S",1.127,2.9785625,-0.302365,2019-11-25 21:05:00
"239",-368,"RLA496825S",1.127,2.986375,-0.29992,2019-11-25 21:05:00
"240",-370,"RLA496825S",1.127,2.9941875,-0.30155,2019-11-25 21:05:00
"241",-369,"RLA496825S",1.127,3.002,-0.300735,2019-11-25 21:05:00
"242",-371,"RLA496825S",1.127,3.0098125,-0.302365,2019-11-25 21:05:00
"243",-369,"RLA496825S",1.127,3.017625,-0.300735,2019-11-25 21:05:00
"244",-373,"RLA496825S",1.127,3.0254375,-0.303995,2019-11-25 21:05:00
"245",-379,"RLA496825S",1.127,3.03325,-0.308885,2019-11-25 21:05:00
"246",-375,"RLA496825S",1.127,3.0410625,-0.305625,2019-11-25 21:05:00
"247",-379,"RLA496825S",1.127,3.048875,-0.308885,2019-11-25 21:05:00
"248",-386,"RLA496825S",1.127,3.0566875,-0.31459,2019-11-25 21:05:00
"249",-386,"RLA496825S",1.127,3.0645,-0.31459,2019-11-25 21:05:00
"250",-386,"RLA496825S",1.127,3.0723125,-0.31459,2019-11-25 21:05:00
"251",-381,"RLA496825S",1.127,3.080125,-0.310515,2019-11-25 21:05:00
"252",-384,"RLA496825S",1.127,3.0879375,-0.31296,2019-11-25 21:05:00
"253",-393,"RLA496825S",1.127,3.09575,-0.320295,2019-11-25 21:05:00
"254",-399,"RLA496825S",1.127,3.1035625,-0.325185,2019-11-25 21:05:00
"255",-397,"RLA496825S",1.127,3.111375,-0.323555,2019-11-25 21:05:00
"256",-392,"RLA496825S",1.127,3.1191875,-0.31948,2019-11-25 21:05:00
"257",-395,"RLA496825S",1.127,3.127,-0.321925,2019-11-25 21:05:00
"258",-399,"RLA496825S",1.127,3.1348125,-0.325185,2019-11-25 21:05:00
"259",-399,"RLA496825S",1.127,3.142625,-0.325185,2019-11-25 21:05:00
"260",-398,"RLA496825S",1.127,3.1504375,-0.32437,2019-11-25 21:05:00
"261",-397,"RLA496825S",1.127,3.15825,-0.323555,2019-11-25 21:05:00
"262",-396,"RLA496825S",1.127,3.1660625,-0.32274,2019-11-25 21:05:00
"263",-394,"RLA496825S",1.127,3.173875,-0.32111,2019-11-25 21:05:00
"264",-396,"RLA496825S",1.127,3.1816875,-0.32274,2019-11-25 21:05:00
"265",-405,"RLA496825S",1.127,3.1895,-0.330075,2019-11-25 21:05:00
"266",-412,"RLA496825S",1.127,3.1973125,-0.33578,2019-11-25 21:05:00
"267",-406,"RLA496825S",1.127,3.205125,-0.33089,2019-11-25 21:05:00
"268",-403,"RLA496825S",1.127,3.2129375,-0.328445,2019-11-25 21:05:00
"269",-406,"RLA496825S",1.127,3.22075,-0.33089,2019-11-25 21:05:00
"270",-382,"RLA496825S",1.127,3.2285625,-0.31133,2019-11-25 21:05:00
"271",-365,"RLA496825S",1.127,3.236375,-0.297475,2019-11-25 21:05:00
"272",-418,"RLA496825S",1.127,3.2441875,-0.34067,2019-11-25 21:05:00
"273",-437,"RLA496825S",1.127,3.252,-0.356155,2019-11-25 21:05:00
"274",-416,"RLA496825S",1.127,3.2598125,-0.33904,2019-11-25 21:05:00
"275",-407,"RLA496825S",1.127,3.267625,-0.331705,2019-11-25 21:05:00
"276",-415,"RLA496825S",1.127,3.2754375,-0.338225,2019-11-25 21:05:00
"277",-415,"RLA496825S",1.127,3.28325,-0.338225,2019-11-25 21:05:00
"278",-413,"RLA496825S",1.127,3.2910625,-0.336595,2019-11-25 21:05:00
"279",-414,"RLA496825S",1.127,3.298875,-0.33741,2019-11-25 21:05:00
"280",-408,"RLA496825S",1.127,3.3066875,-0.33252,2019-11-25 21:05:00
"281",-412,"RLA496825S",1.127,3.3145,-0.33578,2019-11-25 21:05:00
"282",-406,"RLA496825S",1.127,3.3223125,-0.33089,2019-11-25 21:05:00
"283",-403,"RLA496825S",1.127,3.330125,-0.328445,2019-11-25 21:05:00
"284",-645,"RLA496825S",1.127,3.3379375,-0.525675,2019-11-25 21:05:00
"285",-1083,"RLA496825S",1.127,3.34575,-0.882645,2019-11-25 21:05:00
"286",-953,"RLA496825S",1.127,3.3535625,-0.776695,2019-11-25 21:05:00
"287",-354,"RLA496825S",1.127,3.361375,-0.28851,2019-11-25 21:05:00
"288",-268,"RLA496825S",1.127,3.3691875,-0.21842,2019-11-25 21:05:00
"289",-479,"RLA496825S",1.127,3.377,-0.390385,2019-11-25 21:05:00
"290",-458,"RLA496825S",1.127,3.3848125,-0.37327,2019-11-25 21:05:00
"291",-397,"RLA496825S",1.127,3.392625,-0.323555,2019-11-25 21:05:00
"292",-433,"RLA496825S",1.127,3.4004375,-0.352895,2019-11-25 21:05:00
"293",-445,"RLA496825S",1.127,3.40825,-0.362675,2019-11-25 21:05:00
"294",-470,"RLA496825S",1.127,3.4160625,-0.38305,2019-11-25 21:05:00
"295",-514,"RLA496825S",1.127,3.423875,-0.41891,2019-11-25 21:05:00
"296",-473,"RLA496825S",1.127,3.4316875,-0.385495,2019-11-25 21:05:00
"297",-487,"RLA496825S",1.127,3.4395,-0.396905,2019-11-25 21:05:00
"298",-496,"RLA496825S",1.127,3.4473125,-0.40424,2019-11-25 21:05:00
"299",-511,"RLA496825S",1.127,3.455125,-0.416465,2019-11-25 21:05:00
"300",-543,"RLA496825S",1.127,3.4629375,-0.442545,2019-11-25 21:05:00
"301",-526,"RLA496825S",1.127,3.47075,-0.42869,2019-11-25 21:05:00
"302",-544,"RLA496825S",1.127,3.4785625,-0.44336,2019-11-25 21:05:00
"303",-583,"RLA496825S",1.127,3.486375,-0.475145,2019-11-25 21:05:00
"304",-621,"RLA496825S",1.127,3.4941875,-0.506115,2019-11-25 21:05:00
"305",-653,"RLA496825S",1.127,3.502,-0.532195,2019-11-25 21:05:00
"306",-679,"RLA496825S",1.127,3.5098125,-0.553385,2019-11-25 21:05:00
"307",-736,"RLA496825S",1.127,3.517625,-0.59984,2019-11-25 21:05:00
"308",-771,"RLA496825S",1.127,3.5254375,-0.628365,2019-11-25 21:05:00
"309",-690,"RLA496825S",1.127,3.53325,-0.56235,2019-11-25 21:05:00
"310",-540,"RLA496825S",1.127,3.5410625,-0.4401,2019-11-25 21:05:00
"311",-421,"RLA496825S",1.127,3.548875,-0.343115,2019-11-25 21:05:00
"312",-385,"RLA496825S",1.127,3.5566875,-0.313775,2019-11-25 21:05:00
"313",-385,"RLA496825S",1.127,3.5645,-0.313775,2019-11-25 21:05:00
"314",-376,"RLA496825S",1.127,3.5723125,-0.30644,2019-11-25 21:05:00
"315",-380,"RLA496825S",1.127,3.580125,-0.3097,2019-11-25 21:05:00
"316",-387,"RLA496825S",1.127,3.5879375,-0.315405,2019-11-25 21:05:00
"317",-394,"RLA496825S",1.127,3.59575,-0.32111,2019-11-25 21:05:00
"318",-397,"RLA496825S",1.127,3.6035625,-0.323555,2019-11-25 21:05:00
"319",-393,"RLA496825S",1.127,3.611375,-0.320295,2019-11-25 21:05:00
"320",-396,"RLA496825S",1.127,3.6191875,-0.32274,2019-11-25 21:05:00
"321",-400,"RLA496825S",1.127,3.627,-0.326,2019-11-25 21:05:00
"322",-402,"RLA496825S",1.127,3.6348125,-0.32763,2019-11-25 21:05:00
"323",-406,"RLA496825S",1.127,3.642625,-0.33089,2019-11-25 21:05:00
"324",-408,"RLA496825S",1.127,3.6504375,-0.33252,2019-11-25 21:05:00
"325",-410,"RLA496825S",1.127,3.65825,-0.33415,2019-11-25 21:05:00
"326",-415,"RLA496825S",1.127,3.6660625,-0.338225,2019-11-25 21:05:00
"327",-422,"RLA496825S",1.127,3.673875,-0.34393,2019-11-25 21:05:00
"328",-425,"RLA496825S",1.127,3.6816875,-0.346375,2019-11-25 21:05:00
"329",-424,"RLA496825S",1.127,3.6895,-0.34556,2019-11-25 21:05:00
"330",-430,"RLA496825S",1.127,3.6973125,-0.35045,2019-11-25 21:05:00
"331",-432,"RLA496825S",1.127,3.705125,-0.35208,2019-11-25 21:05:00
"332",-433,"RLA496825S",1.127,3.7129375,-0.352895,2019-11-25 21:05:00
"333",-438,"RLA496825S",1.127,3.72075,-0.35697,2019-11-25 21:05:00
"334",-438,"RLA496825S",1.127,3.7285625,-0.35697,2019-11-25 21:05:00
"335",-440,"RLA496825S",1.127,3.736375,-0.3586,2019-11-25 21:05:00
"336",-446,"RLA496825S",1.127,3.7441875,-0.36349,2019-11-25 21:05:00
"337",-443,"RLA496825S",1.127,3.752,-0.361045,2019-11-25 21:05:00
"338",-442,"RLA496825S",1.127,3.7598125,-0.36023,2019-11-25 21:05:00
"339",-448,"RLA496825S",1.127,3.767625,-0.36512,2019-11-25 21:05:00
"340",-453,"RLA496825S",1.127,3.7754375,-0.369195,2019-11-25 21:05:00
"341",-457,"RLA496825S",1.127,3.78325,-0.372455,2019-11-25 21:05:00
"342",-455,"RLA496825S",1.127,3.7910625,-0.370825,2019-11-25 21:05:00
"343",-431,"RLA496825S",1.127,3.798875,-0.351265,2019-11-25 21:05:00
"344",-418,"RLA496825S",1.127,3.8066875,-0.34067,2019-11-25 21:05:00
"345",-460,"RLA496825S",1.127,3.8145,-0.3749,2019-11-25 21:05:00
"346",-480,"RLA496825S",1.127,3.8223125,-0.3912,2019-11-25 21:05:00
"347",-467,"RLA496825S",1.127,3.830125,-0.380605,2019-11-25 21:05:00
"348",-466,"RLA496825S",1.127,3.8379375,-0.37979,2019-11-25 21:05:00
"349",-468,"RLA496825S",1.127,3.84575,-0.38142,2019-11-25 21:05:00
"350",-464,"RLA496825S",1.127,3.8535625,-0.37816,2019-11-25 21:05:00
"351",-466,"RLA496825S",1.127,3.861375,-0.37979,2019-11-25 21:05:00
"352",-466,"RLA496825S",1.127,3.8691875,-0.37979,2019-11-25 21:05:00
"353",-462,"RLA496825S",1.127,3.877,-0.37653,2019-11-25 21:05:00
"354",-463,"RLA496825S",1.127,3.8848125,-0.377345,2019-11-25 21:05:00
"355",-467,"RLA496825S",1.127,3.892625,-0.380605,2019-11-25 21:05:00
"356",-490,"RLA496825S",1.127,3.9004375,-0.39935,2019-11-25 21:05:00
"357",-686,"RLA496825S",1.127,3.90825,-0.55909,2019-11-25 21:05:00
"358",-940,"RLA496825S",1.127,3.9160625,-0.7661,2019-11-25 21:05:00
"359",-672,"RLA496825S",1.127,3.923875,-0.54768,2019-11-25 21:05:00
"360",-154,"RLA496825S",1.127,3.9316875,-0.12551,2019-11-25 21:05:00
"361",-330,"RLA496825S",1.127,3.9395,-0.26895,2019-11-25 21:05:00
"362",-541,"RLA496825S",1.127,3.9473125,-0.440915,2019-11-25 21:05:00
"363",-506,"RLA496825S",1.127,3.955125,-0.41239,2019-11-25 21:05:00
"364",-478,"RLA496825S",1.127,3.9629375,-0.38957,2019-11-25 21:05:00
"365",-519,"RLA496825S",1.127,3.97075,-0.422985,2019-11-25 21:05:00
"366",-482,"RLA496825S",1.127,3.9785625,-0.39283,2019-11-25 21:05:00
"367",-463,"RLA496825S",1.127,3.986375,-0.377345,2019-11-25 21:05:00
"368",-532,"RLA496825S",1.127,3.9941875,-0.43358,2019-11-25 21:05:00
"369",-517,"RLA496825S",1.127,4.002,-0.421355,2019-11-25 21:05:00
"370",-516,"RLA496825S",1.127,4.0098125,-0.42054,2019-11-25 21:05:00
"371",-521,"RLA496825S",1.127,4.017625,-0.424615,2019-11-25 21:05:00
"372",-538,"RLA496825S",1.127,4.0254375,-0.43847,2019-11-25 21:05:00
"373",-537,"RLA496825S",1.127,4.03325,-0.437655,2019-11-25 21:05:00
"374",-516,"RLA496825S",1.127,4.0410625,-0.42054,2019-11-25 21:05:00
"375",-562,"RLA496825S",1.127,4.048875,-0.45803,2019-11-25 21:05:00
"376",-586,"RLA496825S",1.127,4.0566875,-0.47759,2019-11-25 21:05:00
"377",-599,"RLA496825S",1.127,4.0645,-0.488185,2019-11-25 21:05:00
"378",-634,"RLA496825S",1.127,4.0723125,-0.51671,2019-11-25 21:05:00
"379",-661,"RLA496825S",1.127,4.080125,-0.538715,2019-11-25 21:05:00
"380",-714,"RLA496825S",1.127,4.0879375,-0.58191,2019-11-25 21:05:00
"381",-738,"RLA496825S",1.127,4.09575,-0.60147,2019-11-25 21:05:00
"382",-663,"RLA496825S",1.127,4.1035625,-0.540345,2019-11-25 21:05:00
"383",-549,"RLA496825S",1.127,4.111375,-0.447435,2019-11-25 21:05:00
"384",-460,"RLA496825S",1.127,4.1191875,-0.3749,2019-11-25 21:05:00
"385",-453,"RLA496825S",1.127,4.127,-0.369195,2019-11-25 21:05:00
"386",-446,"RLA496825S",1.127,4.1348125,-0.36349,2019-11-25 21:05:00
"387",-437,"RLA496825S",1.127,4.142625,-0.356155,2019-11-25 21:05:00
"388",-446,"RLA496825S",1.127,4.1504375,-0.36349,2019-11-25 21:05:00
"389",-449,"RLA496825S",1.127,4.15825,-0.365935,2019-11-25 21:05:00
"390",-451,"RLA496825S",1.127,4.1660625,-0.367565,2019-11-25 21:05:00
"391",-453,"RLA496825S",1.127,4.173875,-0.369195,2019-11-25 21:05:00
"392",-450,"RLA496825S",1.127,4.1816875,-0.36675,2019-11-25 21:05:00
"393",-453,"RLA496825S",1.127,4.1895,-0.369195,2019-11-25 21:05:00
"394",-453,"RLA496825S",1.127,4.1973125,-0.369195,2019-11-25 21:05:00
"395",-456,"RLA496825S",1.127,4.205125,-0.37164,2019-11-25 21:05:00
"396",-460,"RLA496825S",1.127,4.2129375,-0.3749,2019-11-25 21:05:00
"397",-456,"RLA496825S",1.127,4.22075,-0.37164,2019-11-25 21:05:00
"398",-457,"RLA496825S",1.127,4.2285625,-0.372455,2019-11-25 21:05:00
"399",-460,"RLA496825S",1.127,4.236375,-0.3749,2019-11-25 21:05:00
"400",-461,"RLA496825S",1.127,4.2441875,-0.375715,2019-11-25 21:05:00
"401",-460,"RLA496825S",1.127,4.252,-0.3749,2019-11-25 21:05:00
"402",-458,"RLA496825S",1.127,4.2598125,-0.37327,2019-11-25 21:05:00
"403",-459,"RLA496825S",1.127,4.267625,-0.374085,2019-11-25 21:05:00
"404",-460,"RLA496825S",1.127,4.2754375,-0.3749,2019-11-25 21:05:00
"405",-463,"RLA496825S",1.127,4.28325,-0.377345,2019-11-25 21:05:00
"406",-465,"RLA496825S",1.127,4.2910625,-0.378975,2019-11-25 21:05:00
"407",-463,"RLA496825S",1.127,4.298875,-0.377345,2019-11-25 21:05:00
"408",-462,"RLA496825S",1.127,4.3066875,-0.37653,2019-11-25 21:05:00
"409",-462,"RLA496825S",1.127,4.3145,-0.37653,2019-11-25 21:05:00
"410",-461,"RLA496825S",1.127,4.3223125,-0.375715,2019-11-25 21:05:00
"411",-461,"RLA496825S",1.127,4.330125,-0.375715,2019-11-25 21:05:00
"412",-461,"RLA496825S",1.127,4.3379375,-0.375715,2019-11-25 21:05:00
"413",-464,"RLA496825S",1.127,4.34575,-0.37816,2019-11-25 21:05:00
"414",-467,"RLA496825S",1.127,4.3535625,-0.380605,2019-11-25 21:05:00
"415",-466,"RLA496825S",1.127,4.361375,-0.37979,2019-11-25 21:05:00
"416",-468,"RLA496825S",1.127,4.3691875,-0.38142,2019-11-25 21:05:00
"417",-469,"RLA496825S",1.127,4.377,-0.382235,2019-11-25 21:05:00
"418",-467,"RLA496825S",1.127,4.3848125,-0.380605,2019-11-25 21:05:00
"419",-466,"RLA496825S",1.127,4.392625,-0.37979,2019-11-25 21:05:00
"420",-466,"RLA496825S",1.127,4.4004375,-0.37979,2019-11-25 21:05:00
"421",-467,"RLA496825S",1.127,4.40825,-0.380605,2019-11-25 21:05:00
"422",-469,"RLA496825S",1.127,4.4160625,-0.382235,2019-11-25 21:05:00
"423",-469,"RLA496825S",1.127,4.423875,-0.382235,2019-11-25 21:05:00
"424",-469,"RLA496825S",1.127,4.4316875,-0.382235,2019-11-25 21:05:00
"425",-471,"RLA496825S",1.127,4.4395,-0.383865,2019-11-25 21:05:00
"426",-471,"RLA496825S",1.127,4.4473125,-0.383865,2019-11-25 21:05:00
"427",-469,"RLA496825S",1.127,4.455125,-0.382235,2019-11-25 21:05:00
"428",-469,"RLA496825S",1.127,4.4629375,-0.382235,2019-11-25 21:05:00
"429",-468,"RLA496825S",1.127,4.47075,-0.38142,2019-11-25 21:05:00
"430",-467,"RLA496825S",1.127,4.4785625,-0.380605,2019-11-25 21:05:00
"431",-469,"RLA496825S",1.127,4.486375,-0.382235,2019-11-25 21:05:00
"432",-473,"RLA496825S",1.127,4.4941875,-0.385495,2019-11-25 21:05:00
"433",-471,"RLA496825S",1.127,4.502,-0.383865,2019-11-25 21:05:00
"434",-468,"RLA496825S",1.127,4.5098125,-0.38142,2019-11-25 21:05:00
"435",-467,"RLA496825S",1.127,4.517625,-0.380605,2019-11-25 21:05:00
"436",-466,"RLA496825S",1.127,4.5254375,-0.37979,2019-11-25 21:05:00
"437",-467,"RLA496825S",1.127,4.53325,-0.380605,2019-11-25 21:05:00
"438",-470,"RLA496825S",1.127,4.5410625,-0.38305,2019-11-25 21:05:00
"439",-473,"RLA496825S",1.127,4.548875,-0.385495,2019-11-25 21:05:00
"440",-473,"RLA496825S",1.127,4.5566875,-0.385495,2019-11-25 21:05:00
"441",-471,"RLA496825S",1.127,4.5645,-0.383865,2019-11-25 21:05:00
"442",-468,"RLA496825S",1.127,4.5723125,-0.38142,2019-11-25 21:05:00
"443",-469,"RLA496825S",1.127,4.580125,-0.382235,2019-11-25 21:05:00
"444",-473,"RLA496825S",1.127,4.5879375,-0.385495,2019-11-25 21:05:00
"445",-474,"RLA496825S",1.127,4.59575,-0.38631,2019-11-25 21:05:00
"446",-472,"RLA496825S",1.127,4.6035625,-0.38468,2019-11-25 21:05:00
"447",-473,"RLA496825S",1.127,4.611375,-0.385495,2019-11-25 21:05:00
"448",-473,"RLA496825S",1.127,4.6191875,-0.385495,2019-11-25 21:05:00
"449",-472,"RLA496825S",1.127,4.627,-0.38468,2019-11-25 21:05:00
"450",-470,"RLA496825S",1.127,4.6348125,-0.38305,2019-11-25 21:05:00
"451",-469,"RLA496825S",1.127,4.642625,-0.382235,2019-11-25 21:05:00
"452",-469,"RLA496825S",1.127,4.6504375,-0.382235,2019-11-25 21:05:00
"453",-471,"RLA496825S",1.127,4.65825,-0.383865,2019-11-25 21:05:00
"454",-472,"RLA496825S",1.127,4.6660625,-0.38468,2019-11-25 21:05:00
"455",-471,"RLA496825S",1.127,4.673875,-0.383865,2019-11-25 21:05:00
"456",-472,"RLA496825S",1.127,4.6816875,-0.38468,2019-11-25 21:05:00
"457",-473,"RLA496825S",1.127,4.6895,-0.385495,2019-11-25 21:05:00
"458",-475,"RLA496825S",1.127,4.6973125,-0.387125,2019-11-25 21:05:00
"459",-476,"RLA496825S",1.127,4.705125,-0.38794,2019-11-25 21:05:00
"460",-472,"RLA496825S",1.127,4.7129375,-0.38468,2019-11-25 21:05:00
"461",-470,"RLA496825S",1.127,4.72075,-0.38305,2019-11-25 21:05:00
"462",-473,"RLA496825S",1.127,4.7285625,-0.385495,2019-11-25 21:05:00
"463",-473,"RLA496825S",1.127,4.736375,-0.385495,2019-11-25 21:05:00
"464",-470,"RLA496825S",1.127,4.7441875,-0.38305,2019-11-25 21:05:00
"465",-470,"RLA496825S",1.127,4.752,-0.38305,2019-11-25 21:05:00
"466",-473,"RLA496825S",1.127,4.7598125,-0.385495,2019-11-25 21:05:00
"467",-475,"RLA496825S",1.127,4.767625,-0.387125,2019-11-25 21:05:00
"468",-476,"RLA496825S",1.127,4.7754375,-0.38794,2019-11-25 21:05:00
"469",-475,"RLA496825S",1.127,4.78325,-0.387125,2019-11-25 21:05:00
"470",-475,"RLA496825S",1.127,4.7910625,-0.387125,2019-11-25 21:05:00
"471",-474,"RLA496825S",1.127,4.798875,-0.38631,2019-11-25 21:05:00
"472",-472,"RLA496825S",1.127,4.8066875,-0.38468,2019-11-25 21:05:00
"473",-473,"RLA496825S",1.127,4.8145,-0.385495,2019-11-25 21:05:00
"474",-472,"RLA496825S",1.127,4.8223125,-0.38468,2019-11-25 21:05:00
"475",-472,"RLA496825S",1.127,4.830125,-0.38468,2019-11-25 21:05:00
"476",-473,"RLA496825S",1.127,4.8379375,-0.385495,2019-11-25 21:05:00
"477",-474,"RLA496825S",1.127,4.84575,-0.38631,2019-11-25 21:05:00
"478",-474,"RLA496825S",1.127,4.8535625,-0.38631,2019-11-25 21:05:00
"479",-475,"RLA496825S",1.127,4.861375,-0.387125,2019-11-25 21:05:00
"480",-476,"RLA496825S",1.127,4.8691875,-0.38794,2019-11-25 21:05:00
"481",-475,"RLA496825S",1.127,4.877,-0.387125,2019-11-25 21:05:00
"482",-475,"RLA496825S",1.127,4.8848125,-0.387125,2019-11-25 21:05:00
"483",-474,"RLA496825S",1.127,4.892625,-0.38631,2019-11-25 21:05:00
"484",-474,"RLA496825S",1.127,4.9004375,-0.38631,2019-11-25 21:05:00
"485",-474,"RLA496825S",1.127,4.90825,-0.38631,2019-11-25 21:05:00
"486",-475,"RLA496825S",1.127,4.9160625,-0.387125,2019-11-25 21:05:00
"487",-478,"RLA496825S",1.127,4.923875,-0.38957,2019-11-25 21:05:00
"488",-476,"RLA496825S",1.127,4.9316875,-0.38794,2019-11-25 21:05:00
"489",-475,"RLA496825S",1.127,4.9395,-0.387125,2019-11-25 21:05:00
"490",-472,"RLA496825S",1.127,4.9473125,-0.38468,2019-11-25 21:05:00
"491",-451,"RLA496825S",1.127,4.955125,-0.367565,2019-11-25 21:05:00
"492",-442,"RLA496825S",1.127,4.9629375,-0.36023,2019-11-25 21:05:00
"493",-476,"RLA496825S",1.127,4.97075,-0.38794,2019-11-25 21:05:00
"494",-497,"RLA496825S",1.127,4.9785625,-0.405055,2019-11-25 21:05:00
"495",-483,"RLA496825S",1.127,4.986375,-0.393645,2019-11-25 21:05:00
"496",-478,"RLA496825S",1.127,4.9941875,-0.38957,2019-11-25 21:05:00
"497",-480,"RLA496825S",1.127,5.002,-0.3912,2019-11-25 21:05:00
"498",-475,"RLA496825S",1.127,5.0098125,-0.387125,2019-11-25 21:05:00
"499",-475,"RLA496825S",1.127,5.017625,-0.387125,2019-11-25 21:05:00
"500",-475,"RLA496825S",1.127,5.0254375,-0.387125,2019-11-25 21:05:00
"501",-471,"RLA496825S",1.127,5.03325,-0.383865,2019-11-25 21:05:00
"502",-473,"RLA496825S",1.127,5.0410625,-0.385495,2019-11-25 21:05:00
"503",-473,"RLA496825S",1.127,5.048875,-0.385495,2019-11-25 21:05:00
"504",-480,"RLA496825S",1.127,5.0566875,-0.3912,2019-11-25 21:05:00
"505",-493,"RLA496825S",1.127,5.0645,-0.401795,2019-11-25 21:05:00
"506",-589,"RLA496825S",1.127,5.0723125,-0.480035,2019-11-25 21:05:00
"507",-662,"RLA496825S",1.127,5.080125,-0.53953,2019-11-25 21:05:00
"508",-363,"RLA496825S",1.127,5.0879375,-0.295845,2019-11-25 21:05:00
"509",-215,"RLA496825S",1.127,5.09575,-0.175225,2019-11-25 21:05:00
"510",-484,"RLA496825S",1.127,5.1035625,-0.39446,2019-11-25 21:05:00
"511",-600,"RLA496825S",1.127,5.111375,-0.489,2019-11-25 21:05:00
"512",-473,"RLA496825S",1.127,5.1191875,-0.385495,2019-11-25 21:05:00
"513",-480,"RLA496825S",1.127,5.127,-0.3912,2019-11-25 21:05:00
"514",-509,"RLA496825S",1.127,5.1348125,-0.414835,2019-11-25 21:05:00
"515",-487,"RLA496825S",1.127,5.142625,-0.396905,2019-11-25 21:05:00
"516",-507,"RLA496825S",1.127,5.1504375,-0.413205,2019-11-25 21:05:00
"517",-482,"RLA496825S",1.127,5.15825,-0.39283,2019-11-25 21:05:00
"518",-458,"RLA496825S",1.127,5.1660625,-0.37327,2019-11-25 21:05:00
"519",-529,"RLA496825S",1.127,5.173875,-0.431135,2019-11-25 21:05:00
"520",-516,"RLA496825S",1.127,5.1816875,-0.42054,2019-11-25 21:05:00
"521",-505,"RLA496825S",1.127,5.1895,-0.411575,2019-11-25 21:05:00
"522",-514,"RLA496825S",1.127,5.1973125,-0.41891,2019-11-25 21:05:00
"523",-519,"RLA496825S",1.127,5.205125,-0.422985,2019-11-25 21:05:00
"524",-524,"RLA496825S",1.127,5.2129375,-0.42706,2019-11-25 21:05:00
"525",-523,"RLA496825S",1.127,5.22075,-0.426245,2019-11-25 21:05:00
"526",-542,"RLA496825S",1.127,5.2285625,-0.44173,2019-11-25 21:05:00
"527",-552,"RLA496825S",1.127,5.236375,-0.44988,2019-11-25 21:05:00
"528",-554,"RLA496825S",1.127,5.2441875,-0.45151,2019-11-25 21:05:00
"529",-576,"RLA496825S",1.127,5.252,-0.46944,2019-11-25 21:05:00
"530",-600,"RLA496825S",1.127,5.2598125,-0.489,2019-11-25 21:05:00
"531",-617,"RLA496825S",1.127,5.267625,-0.502855,2019-11-25 21:05:00
"532",-584,"RLA496825S",1.127,5.2754375,-0.47596,2019-11-25 21:05:00
"533",-515,"RLA496825S",1.127,5.28325,-0.419725,2019-11-25 21:05:00
"534",-473,"RLA496825S",1.127,5.2910625,-0.385495,2019-11-25 21:05:00
"535",-456,"RLA496825S",1.127,5.298875,-0.37164,2019-11-25 21:05:00
"536",-458,"RLA496825S",1.127,5.3066875,-0.37327,2019-11-25 21:05:00
"537",-458,"RLA496825S",1.127,5.3145,-0.37327,2019-11-25 21:05:00
"538",-456,"RLA496825S",1.127,5.3223125,-0.37164,2019-11-25 21:05:00
"539",-460,"RLA496825S",1.127,5.330125,-0.3749,2019-11-25 21:05:00
"540",-460,"RLA496825S",1.127,5.3379375,-0.3749,2019-11-25 21:05:00
"541",-459,"RLA496825S",1.127,5.34575,-0.374085,2019-11-25 21:05:00
"542",-462,"RLA496825S",1.127,5.3535625,-0.37653,2019-11-25 21:05:00
"543",-464,"RLA496825S",1.127,5.361375,-0.37816,2019-11-25 21:05:00
"544",-467,"RLA496825S",1.127,5.3691875,-0.380605,2019-11-25 21:05:00
"545",-465,"RLA496825S",1.127,5.377,-0.378975,2019-11-25 21:05:00
"546",-466,"RLA496825S",1.127,5.3848125,-0.37979,2019-11-25 21:05:00
"547",-470,"RLA496825S",1.127,5.392625,-0.38305,2019-11-25 21:05:00
"548",-465,"RLA496825S",1.127,5.4004375,-0.378975,2019-11-25 21:05:00
"549",-462,"RLA496825S",1.127,5.40825,-0.37653,2019-11-25 21:05:00
"550",-462,"RLA496825S",1.127,5.4160625,-0.37653,2019-11-25 21:05:00
"551",-463,"RLA496825S",1.127,5.423875,-0.377345,2019-11-25 21:05:00
"552",-462,"RLA496825S",1.127,5.4316875,-0.37653,2019-11-25 21:05:00
"553",-462,"RLA496825S",1.127,5.4395,-0.37653,2019-11-25 21:05:00
"554",-465,"RLA496825S",1.127,5.4473125,-0.378975,2019-11-25 21:05:00
"555",-461,"RLA496825S",1.127,5.455125,-0.375715,2019-11-25 21:05:00
"556",-456,"RLA496825S",1.127,5.4629375,-0.37164,2019-11-25 21:05:00
"557",-459,"RLA496825S",1.127,5.47075,-0.374085,2019-11-25 21:05:00
"558",-462,"RLA496825S",1.127,5.4785625,-0.37653,2019-11-25 21:05:00
"559",-462,"RLA496825S",1.127,5.486375,-0.37653,2019-11-25 21:05:00
"560",-463,"RLA496825S",1.127,5.4941875,-0.377345,2019-11-25 21:05:00
"561",-463,"RLA496825S",1.127,5.502,-0.377345,2019-11-25 21:05:00
"562",-461,"RLA496825S",1.127,5.5098125,-0.375715,2019-11-25 21:05:00
"563",-460,"RLA496825S",1.127,5.517625,-0.3749,2019-11-25 21:05:00
"564",-460,"RLA496825S",1.127,5.5254375,-0.3749,2019-11-25 21:05:00
"565",-464,"RLA496825S",1.127,5.53325,-0.37816,2019-11-25 21:05:00
"566",-465,"RLA496825S",1.127,5.5410625,-0.378975,2019-11-25 21:05:00
"567",-464,"RLA496825S",1.127,5.548875,-0.37816,2019-11-25 21:05:00
"568",-466,"RLA496825S",1.127,5.5566875,-0.37979,2019-11-25 21:05:00
"569",-466,"RLA496825S",1.127,5.5645,-0.37979,2019-11-25 21:05:00
"570",-464,"RLA496825S",1.127,5.5723125,-0.37816,2019-11-25 21:05:00
"571",-463,"RLA496825S",1.127,5.580125,-0.377345,2019-11-25 21:05:00
"572",-464,"RLA496825S",1.127,5.5879375,-0.37816,2019-11-25 21:05:00
"573",-467,"RLA496825S",1.127,5.59575,-0.380605,2019-11-25 21:05:00
"574",-469,"RLA496825S",1.127,5.6035625,-0.382235,2019-11-25 21:05:00
"575",-466,"RLA496825S",1.127,5.611375,-0.37979,2019-11-25 21:05:00
"576",-465,"RLA496825S",1.127,5.6191875,-0.378975,2019-11-25 21:05:00
"577",-466,"RLA496825S",1.127,5.627,-0.37979,2019-11-25 21:05:00
"578",-467,"RLA496825S",1.127,5.6348125,-0.380605,2019-11-25 21:05:00
"579",-468,"RLA496825S",1.127,5.642625,-0.38142,2019-11-25 21:05:00
"580",-469,"RLA496825S",1.127,5.6504375,-0.382235,2019-11-25 21:05:00
"581",-469,"RLA496825S",1.127,5.65825,-0.382235,2019-11-25 21:05:00
"582",-470,"RLA496825S",1.127,5.6660625,-0.38305,2019-11-25 21:05:00
"583",-470,"RLA496825S",1.127,5.673875,-0.38305,2019-11-25 21:05:00
"584",-470,"RLA496825S",1.127,5.6816875,-0.38305,2019-11-25 21:05:00
"585",-471,"RLA496825S",1.127,5.6895,-0.383865,2019-11-25 21:05:00
"586",-470,"RLA496825S",1.127,5.6973125,-0.38305,2019-11-25 21:05:00
"587",-472,"RLA496825S",1.127,5.705125,-0.38468,2019-11-25 21:05:00
"588",-474,"RLA496825S",1.127,5.7129375,-0.38631,2019-11-25 21:05:00
"589",-474,"RLA496825S",1.127,5.72075,-0.38631,2019-11-25 21:05:00
"590",-473,"RLA496825S",1.127,5.7285625,-0.385495,2019-11-25 21:05:00
"591",-474,"RLA496825S",1.127,5.736375,-0.38631,2019-11-25 21:05:00
"592",-473,"RLA496825S",1.127,5.7441875,-0.385495,2019-11-25 21:05:00
"593",-474,"RLA496825S",1.127,5.752,-0.38631,2019-11-25 21:05:00
"594",-477,"RLA496825S",1.127,5.7598125,-0.388755,2019-11-25 21:05:00
"595",-478,"RLA496825S",1.127,5.767625,-0.38957,2019-11-25 21:05:00
"596",-476,"RLA496825S",1.127,5.7754375,-0.38794,2019-11-25 21:05:00
"597",-474,"RLA496825S",1.127,5.78325,-0.38631,2019-11-25 21:05:00
"598",-473,"RLA496825S",1.127,5.7910625,-0.385495,2019-11-25 21:05:00
"599",-475,"RLA496825S",1.127,5.798875,-0.387125,2019-11-25 21:05:00
"600",-476,"RLA496825S",1.127,5.8066875,-0.38794,2019-11-25 21:05:00
"601",-475,"RLA496825S",1.127,5.8145,-0.387125,2019-11-25 21:05:00
"602",-476,"RLA496825S",1.127,5.8223125,-0.38794,2019-11-25 21:05:00
"603",-475,"RLA496825S",1.127,5.830125,-0.387125,2019-11-25 21:05:00
"604",-470,"RLA496825S",1.127,5.8379375,-0.38305,2019-11-25 21:05:00
"605",-471,"RLA496825S",1.127,5.84575,-0.383865,2019-11-25 21:05:00
"606",-475,"RLA496825S",1.127,5.8535625,-0.387125,2019-11-25 21:05:00
"607",-474,"RLA496825S",1.127,5.861375,-0.38631,2019-11-25 21:05:00
"608",-472,"RLA496825S",1.127,5.8691875,-0.38468,2019-11-25 21:05:00
"609",-473,"RLA496825S",1.127,5.877,-0.385495,2019-11-25 21:05:00
"610",-475,"RLA496825S",1.127,5.8848125,-0.387125,2019-11-25 21:05:00
"611",-476,"RLA496825S",1.127,5.892625,-0.38794,2019-11-25 21:05:00
"612",-476,"RLA496825S",1.127,5.9004375,-0.38794,2019-11-25 21:05:00
"613",-472,"RLA496825S",1.127,5.90825,-0.38468,2019-11-25 21:05:00
"614",-471,"RLA496825S",1.127,5.9160625,-0.383865,2019-11-25 21:05:00
"615",-473,"RLA496825S",1.127,5.923875,-0.385495,2019-11-25 21:05:00
"616",-474,"RLA496825S",1.127,5.9316875,-0.38631,2019-11-25 21:05:00
"617",-473,"RLA496825S",1.127,5.9395,-0.385495,2019-11-25 21:05:00
"618",-472,"RLA496825S",1.127,5.9473125,-0.38468,2019-11-25 21:05:00
"619",-472,"RLA496825S",1.127,5.955125,-0.38468,2019-11-25 21:05:00
"620",-473,"RLA496825S",1.127,5.9629375,-0.385495,2019-11-25 21:05:00
"621",-476,"RLA496825S",1.127,5.97075,-0.38794,2019-11-25 21:05:00
"622",-474,"RLA496825S",1.127,5.9785625,-0.38631,2019-11-25 21:05:00
"623",-472,"RLA496825S",1.127,5.986375,-0.38468,2019-11-25 21:05:00
"624",-474,"RLA496825S",1.127,5.9941875,-0.38631,2019-11-25 21:05:00
"625",-472,"RLA496825S",1.127,6.002,-0.38468,2019-11-25 21:05:00
"626",-470,"RLA496825S",1.127,6.0098125,-0.38305,2019-11-25 21:05:00
"627",-472,"RLA496825S",1.127,6.017625,-0.38468,2019-11-25 21:05:00
"628",-472,"RLA496825S",1.127,6.0254375,-0.38468,2019-11-25 21:05:00
"629",-470,"RLA496825S",1.127,6.03325,-0.38305,2019-11-25 21:05:00
"630",-471,"RLA496825S",1.127,6.0410625,-0.383865,2019-11-25 21:05:00
"631",-472,"RLA496825S",1.127,6.048875,-0.38468,2019-11-25 21:05:00
"632",-473,"RLA496825S",1.127,6.0566875,-0.385495,2019-11-25 21:05:00
"633",-474,"RLA496825S",1.127,6.0645,-0.38631,2019-11-25 21:05:00
"634",-473,"RLA496825S",1.127,6.0723125,-0.385495,2019-11-25 21:05:00
"635",-474,"RLA496825S",1.127,6.080125,-0.38631,2019-11-25 21:05:00
"636",-469,"RLA496825S",1.127,6.0879375,-0.382235,2019-11-25 21:05:00
"637",-442,"RLA496825S",1.127,6.09575,-0.36023,2019-11-25 21:05:00
"638",-431,"RLA496825S",1.127,6.1035625,-0.351265,2019-11-25 21:05:00
"639",-471,"RLA496825S",1.127,6.111375,-0.383865,2019-11-25 21:05:00
"640",-494,"RLA496825S",1.127,6.1191875,-0.40261,2019-11-25 21:05:00
"641",-477,"RLA496825S",1.127,6.127,-0.388755,2019-11-25 21:05:00
"642",-475,"RLA496825S",1.127,6.1348125,-0.387125,2019-11-25 21:05:00
"643",-480,"RLA496825S",1.127,6.142625,-0.3912,2019-11-25 21:05:00
"644",-476,"RLA496825S",1.127,6.1504375,-0.38794,2019-11-25 21:05:00
"645",-473,"RLA496825S",1.127,6.15825,-0.385495,2019-11-25 21:05:00
"646",-474,"RLA496825S",1.127,6.1660625,-0.38631,2019-11-25 21:05:00
"647",-472,"RLA496825S",1.127,6.173875,-0.38468,2019-11-25 21:05:00
"648",-474,"RLA496825S",1.127,6.1816875,-0.38631,2019-11-25 21:05:00
"649",-472,"RLA496825S",1.127,6.1895,-0.38468,2019-11-25 21:05:00
"650",-466,"RLA496825S",1.127,6.1973125,-0.37979,2019-11-25 21:05:00
"651",-537,"RLA496825S",1.127,6.205125,-0.437655,2019-11-25 21:05:00
"652",-758,"RLA496825S",1.127,6.2129375,-0.61777,2019-11-25 21:05:00
"653",-786,"RLA496825S",1.127,6.22075,-0.64059,2019-11-25 21:05:00
"654",-393,"RLA496825S",1.127,6.2285625,-0.320295,2019-11-25 21:05:00
"655",-246,"RLA496825S",1.127,6.236375,-0.20049,2019-11-25 21:05:00
"656",-533,"RLA496825S",1.127,6.2441875,-0.434395,2019-11-25 21:05:00
"657",-506,"RLA496825S",1.127,6.252,-0.41239,2019-11-25 21:05:00
"658",-461,"RLA496825S",1.127,6.2598125,-0.375715,2019-11-25 21:05:00
"659",-508,"RLA496825S",1.127,6.267625,-0.41402,2019-11-25 21:05:00
"660",-503,"RLA496825S",1.127,6.2754375,-0.409945,2019-11-25 21:05:00
"661",-477,"RLA496825S",1.127,6.28325,-0.388755,2019-11-25 21:05:00
"662",-496,"RLA496825S",1.127,6.2910625,-0.40424,2019-11-25 21:05:00
"663",-485,"RLA496825S",1.127,6.298875,-0.395275,2019-11-25 21:05:00
"664",-524,"RLA496825S",1.127,6.3066875,-0.42706,2019-11-25 21:05:00
"665",-505,"RLA496825S",1.127,6.3145,-0.411575,2019-11-25 21:05:00
"666",-463,"RLA496825S",1.127,6.3223125,-0.377345,2019-11-25 21:05:00
"667",-511,"RLA496825S",1.127,6.330125,-0.416465,2019-11-25 21:05:00
"668",-524,"RLA496825S",1.127,6.3379375,-0.42706,2019-11-25 21:05:00
"669",-513,"RLA496825S",1.127,6.34575,-0.418095,2019-11-25 21:05:00
"670",-514,"RLA496825S",1.127,6.3535625,-0.41891,2019-11-25 21:05:00
"671",-514,"RLA496825S",1.127,6.361375,-0.41891,2019-11-25 21:05:00
"672",-538,"RLA496825S",1.127,6.3691875,-0.43847,2019-11-25 21:05:00
"673",-543,"RLA496825S",1.127,6.377,-0.442545,2019-11-25 21:05:00
"674",-547,"RLA496825S",1.127,6.3848125,-0.445805,2019-11-25 21:05:00
"675",-568,"RLA496825S",1.127,6.392625,-0.46292,2019-11-25 21:05:00
"676",-589,"RLA496825S",1.127,6.4004375,-0.480035,2019-11-25 21:05:00
"677",-592,"RLA496825S",1.127,6.40825,-0.48248,2019-11-25 21:05:00
"678",-553,"RLA496825S",1.127,6.4160625,-0.450695,2019-11-25 21:05:00
"679",-499,"RLA496825S",1.127,6.423875,-0.406685,2019-11-25 21:05:00
"680",-463,"RLA496825S",1.127,6.4316875,-0.377345,2019-11-25 21:05:00
"681",-452,"RLA496825S",1.127,6.4395,-0.36838,2019-11-25 21:05:00
"682",-455,"RLA496825S",1.127,6.4473125,-0.370825,2019-11-25 21:05:00
"683",-454,"RLA496825S",1.127,6.455125,-0.37001,2019-11-25 21:05:00
"684",-452,"RLA496825S",1.127,6.4629375,-0.36838,2019-11-25 21:05:00
"685",-454,"RLA496825S",1.127,6.47075,-0.37001,2019-11-25 21:05:00
"686",-453,"RLA496825S",1.127,6.4785625,-0.369195,2019-11-25 21:05:00
"687",-453,"RLA496825S",1.127,6.486375,-0.369195,2019-11-25 21:05:00
"688",-455,"RLA496825S",1.127,6.4941875,-0.370825,2019-11-25 21:05:00
"689",-455,"RLA496825S",1.127,6.502,-0.370825,2019-11-25 21:05:00
"690",-454,"RLA496825S",1.127,6.5098125,-0.37001,2019-11-25 21:05:00
"691",-452,"RLA496825S",1.127,6.517625,-0.36838,2019-11-25 21:05:00
"692",-454,"RLA496825S",1.127,6.5254375,-0.37001,2019-11-25 21:05:00
"693",-456,"RLA496825S",1.127,6.53325,-0.37164,2019-11-25 21:05:00
"694",-457,"RLA496825S",1.127,6.5410625,-0.372455,2019-11-25 21:05:00
"695",-459,"RLA496825S",1.127,6.548875,-0.374085,2019-11-25 21:05:00
"696",-455,"RLA496825S",1.127,6.5566875,-0.370825,2019-11-25 21:05:00
"697",-455,"RLA496825S",1.127,6.5645,-0.370825,2019-11-25 21:05:00
"698",-459,"RLA496825S",1.127,6.5723125,-0.374085,2019-11-25 21:05:00
"699",-460,"RLA496825S",1.127,6.580125,-0.3749,2019-11-25 21:05:00
"700",-460,"RLA496825S",1.127,6.5879375,-0.3749,2019-11-25 21:05:00
"701",-459,"RLA496825S",1.127,6.59575,-0.374085,2019-11-25 21:05:00
"702",-458,"RLA496825S",1.127,6.6035625,-0.37327,2019-11-25 21:05:00
"703",-461,"RLA496825S",1.127,6.611375,-0.375715,2019-11-25 21:05:00
"704",-459,"RLA496825S",1.127,6.6191875,-0.374085,2019-11-25 21:05:00
"705",-458,"RLA496825S",1.127,6.627,-0.37327,2019-11-25 21:05:00
"706",-458,"RLA496825S",1.127,6.6348125,-0.37327,2019-11-25 21:05:00
"707",-458,"RLA496825S",1.127,6.642625,-0.37327,2019-11-25 21:05:00
"708",-460,"RLA496825S",1.127,6.6504375,-0.3749,2019-11-25 21:05:00
"709",-460,"RLA496825S",1.127,6.65825,-0.3749,2019-11-25 21:05:00
"710",-460,"RLA496825S",1.127,6.6660625,-0.3749,2019-11-25 21:05:00
"711",-462,"RLA496825S",1.127,6.673875,-0.37653,2019-11-25 21:05:00
"712",-462,"RLA496825S",1.127,6.6816875,-0.37653,2019-11-25 21:05:00
"713",-461,"RLA496825S",1.127,6.6895,-0.375715,2019-11-25 21:05:00
"714",-461,"RLA496825S",1.127,6.6973125,-0.375715,2019-11-25 21:05:00
"715",-464,"RLA496825S",1.127,6.705125,-0.37816,2019-11-25 21:05:00
"716",-465,"RLA496825S",1.127,6.7129375,-0.378975,2019-11-25 21:05:00
"717",-465,"RLA496825S",1.127,6.72075,-0.378975,2019-11-25 21:05:00
"718",-466,"RLA496825S",1.127,6.7285625,-0.37979,2019-11-25 21:05:00
"719",-466,"RLA496825S",1.127,6.736375,-0.37979,2019-11-25 21:05:00
"720",-465,"RLA496825S",1.127,6.7441875,-0.378975,2019-11-25 21:05:00
"721",-466,"RLA496825S",1.127,6.752,-0.37979,2019-11-25 21:05:00
"722",-465,"RLA496825S",1.127,6.7598125,-0.378975,2019-11-25 21:05:00
"723",-466,"RLA496825S",1.127,6.767625,-0.37979,2019-11-25 21:05:00
"724",-467,"RLA496825S",1.127,6.7754375,-0.380605,2019-11-25 21:05:00
"725",-467,"RLA496825S",1.127,6.78325,-0.380605,2019-11-25 21:05:00
"726",-465,"RLA496825S",1.127,6.7910625,-0.378975,2019-11-25 21:05:00
"727",-465,"RLA496825S",1.127,6.798875,-0.378975,2019-11-25 21:05:00
"728",-467,"RLA496825S",1.127,6.8066875,-0.380605,2019-11-25 21:05:00
"729",-469,"RLA496825S",1.127,6.8145,-0.382235,2019-11-25 21:05:00
"730",-470,"RLA496825S",1.127,6.8223125,-0.38305,2019-11-25 21:05:00
"731",-469,"RLA496825S",1.127,6.830125,-0.382235,2019-11-25 21:05:00
"732",-468,"RLA496825S",1.127,6.8379375,-0.38142,2019-11-25 21:05:00
"733",-467,"RLA496825S",1.127,6.84575,-0.380605,2019-11-25 21:05:00
"734",-469,"RLA496825S",1.127,6.8535625,-0.382235,2019-11-25 21:05:00
"735",-471,"RLA496825S",1.127,6.861375,-0.383865,2019-11-25 21:05:00
"736",-470,"RLA496825S",1.127,6.8691875,-0.38305,2019-11-25 21:05:00
"737",-471,"RLA496825S",1.127,6.877,-0.383865,2019-11-25 21:05:00
"738",-470,"RLA496825S",1.127,6.8848125,-0.38305,2019-11-25 21:05:00
"739",-468,"RLA496825S",1.127,6.892625,-0.38142,2019-11-25 21:05:00
"740",-469,"RLA496825S",1.127,6.9004375,-0.382235,2019-11-25 21:05:00
"741",-472,"RLA496825S",1.127,6.90825,-0.38468,2019-11-25 21:05:00
"742",-471,"RLA496825S",1.127,6.9160625,-0.383865,2019-11-25 21:05:00
"743",-469,"RLA496825S",1.127,6.923875,-0.382235,2019-11-25 21:05:00
"744",-472,"RLA496825S",1.127,6.9316875,-0.38468,2019-11-25 21:05:00
"745",-472,"RLA496825S",1.127,6.9395,-0.38468,2019-11-25 21:05:00
"746",-473,"RLA496825S",1.127,6.9473125,-0.385495,2019-11-25 21:05:00
"747",-475,"RLA496825S",1.127,6.955125,-0.387125,2019-11-25 21:05:00
"748",-464,"RLA496825S",1.127,6.9629375,-0.37816,2019-11-25 21:05:00
"749",-437,"RLA496825S",1.127,6.97075,-0.356155,2019-11-25 21:05:00
"750",-430,"RLA496825S",1.127,6.9785625,-0.35045,2019-11-25 21:05:00
"751",-470,"RLA496825S",1.127,6.986375,-0.38305,2019-11-25 21:05:00
"752",-494,"RLA496825S",1.127,6.9941875,-0.40261,2019-11-25 21:05:00
"753",-478,"RLA496825S",1.127,7.002,-0.38957,2019-11-25 21:05:00
"754",-472,"RLA496825S",1.127,7.0098125,-0.38468,2019-11-25 21:05:00
"755",-475,"RLA496825S",1.127,7.017625,-0.387125,2019-11-25 21:05:00
"756",-473,"RLA496825S",1.127,7.0254375,-0.385495,2019-11-25 21:05:00
"757",-471,"RLA496825S",1.127,7.03325,-0.383865,2019-11-25 21:05:00
"758",-469,"RLA496825S",1.127,7.0410625,-0.382235,2019-11-25 21:05:00
"759",-465,"RLA496825S",1.127,7.048875,-0.378975,2019-11-25 21:05:00
"760",-468,"RLA496825S",1.127,7.0566875,-0.38142,2019-11-25 21:05:00
"761",-469,"RLA496825S",1.127,7.0645,-0.382235,2019-11-25 21:05:00
"762",-478,"RLA496825S",1.127,7.0723125,-0.38957,2019-11-25 21:05:00
"763",-491,"RLA496825S",1.127,7.080125,-0.400165,2019-11-25 21:05:00
"764",-598,"RLA496825S",1.127,7.0879375,-0.48737,2019-11-25 21:05:00
"765",-688,"RLA496825S",1.127,7.09575,-0.56072,2019-11-25 21:05:00
"766",-381,"RLA496825S",1.127,7.1035625,-0.310515,2019-11-25 21:05:00
"767",-182,"RLA496825S",1.127,7.111375,-0.14833,2019-11-25 21:05:00
"768",-496,"RLA496825S",1.127,7.1191875,-0.40424,2019-11-25 21:05:00
"769",-576,"RLA496825S",1.127,7.127,-0.46944,2019-11-25 21:05:00
"770",-488,"RLA496825S",1.127,7.1348125,-0.39772,2019-11-25 21:05:00
"771",-471,"RLA496825S",1.127,7.142625,-0.383865,2019-11-25 21:05:00
"772",-502,"RLA496825S",1.127,7.1504375,-0.40913,2019-11-25 21:05:00
"773",-480,"RLA496825S",1.127,7.15825,-0.3912,2019-11-25 21:05:00
"774",-502,"RLA496825S",1.127,7.1660625,-0.40913,2019-11-25 21:05:00
"775",-489,"RLA496825S",1.127,7.173875,-0.398535,2019-11-25 21:05:00
"776",-447,"RLA496825S",1.127,7.1816875,-0.364305,2019-11-25 21:05:00
"777",-510,"RLA496825S",1.127,7.1895,-0.41565,2019-11-25 21:05:00
"778",-520,"RLA496825S",1.127,7.1973125,-0.4238,2019-11-25 21:05:00
"779",-515,"RLA496825S",1.127,7.205125,-0.419725,2019-11-25 21:05:00
"780",-517,"RLA496825S",1.127,7.2129375,-0.421355,2019-11-25 21:05:00
"781",-520,"RLA496825S",1.127,7.22075,-0.4238,2019-11-25 21:05:00
"782",-536,"RLA496825S",1.127,7.2285625,-0.43684,2019-11-25 21:05:00
"783",-519,"RLA496825S",1.127,7.236375,-0.422985,2019-11-25 21:05:00
"784",-532,"RLA496825S",1.127,7.2441875,-0.43358,2019-11-25 21:05:00
"785",-551,"RLA496825S",1.127,7.252,-0.449065,2019-11-25 21:05:00
"786",-557,"RLA496825S",1.127,7.2598125,-0.453955,2019-11-25 21:05:00
"787",-585,"RLA496825S",1.127,7.267625,-0.476775,2019-11-25 21:05:00
"788",-615,"RLA496825S",1.127,7.2754375,-0.501225,2019-11-25 21:05:00
"789",-616,"RLA496825S",1.127,7.28325,-0.50204,2019-11-25 21:05:00
"790",-570,"RLA496825S",1.127,7.2910625,-0.46455,2019-11-25 21:05:00
"791",-500,"RLA496825S",1.127,7.298875,-0.4075,2019-11-25 21:05:00
"792",-468,"RLA496825S",1.127,7.3066875,-0.38142,2019-11-25 21:05:00
"793",-452,"RLA496825S",1.127,7.3145,-0.36838,2019-11-25 21:05:00
"794",-434,"RLA496825S",1.127,7.3223125,-0.35371,2019-11-25 21:05:00
"795",-430,"RLA496825S",1.127,7.330125,-0.35045,2019-11-25 21:05:00
"796",-431,"RLA496825S",1.127,7.3379375,-0.351265,2019-11-25 21:05:00
"797",-434,"RLA496825S",1.127,7.34575,-0.35371,2019-11-25 21:05:00
"798",-434,"RLA496825S",1.127,7.3535625,-0.35371,2019-11-25 21:05:00
"799",-432,"RLA496825S",1.127,7.361375,-0.35208,2019-11-25 21:05:00
"800",-435,"RLA496825S",1.127,7.3691875,-0.354525,2019-11-25 21:05:00
"801",-438,"RLA496825S",1.127,7.377,-0.35697,2019-11-25 21:05:00
"802",-436,"RLA496825S",1.127,7.3848125,-0.35534,2019-11-25 21:05:00
"803",-431,"RLA496825S",1.127,7.392625,-0.351265,2019-11-25 21:05:00
"804",-433,"RLA496825S",1.127,7.4004375,-0.352895,2019-11-25 21:05:00
"805",-437,"RLA496825S",1.127,7.40825,-0.356155,2019-11-25 21:05:00
"806",-438,"RLA496825S",1.127,7.4160625,-0.35697,2019-11-25 21:05:00
"807",-440,"RLA496825S",1.127,7.423875,-0.3586,2019-11-25 21:05:00
"808",-436,"RLA496825S",1.127,7.4316875,-0.35534,2019-11-25 21:05:00
"809",-431,"RLA496825S",1.127,7.4395,-0.351265,2019-11-25 21:05:00
"810",-435,"RLA496825S",1.127,7.4473125,-0.354525,2019-11-25 21:05:00
"811",-439,"RLA496825S",1.127,7.455125,-0.357785,2019-11-25 21:05:00
"812",-437,"RLA496825S",1.127,7.4629375,-0.356155,2019-11-25 21:05:00
"813",-437,"RLA496825S",1.127,7.47075,-0.356155,2019-11-25 21:05:00
"814",-437,"RLA496825S",1.127,7.4785625,-0.356155,2019-11-25 21:05:00
"815",-435,"RLA496825S",1.127,7.486375,-0.354525,2019-11-25 21:05:00
"816",-430,"RLA496825S",1.127,7.4941875,-0.35045,2019-11-25 21:05:00
"817",-429,"RLA496825S",1.127,7.502,-0.349635,2019-11-25 21:05:00
"818",-432,"RLA496825S",1.127,7.5098125,-0.35208,2019-11-25 21:05:00
"819",-430,"RLA496825S",1.127,7.517625,-0.35045,2019-11-25 21:05:00
"820",-429,"RLA496825S",1.127,7.5254375,-0.349635,2019-11-25 21:05:00
"821",-432,"RLA496825S",1.127,7.53325,-0.35208,2019-11-25 21:05:00
"822",-435,"RLA496825S",1.127,7.5410625,-0.354525,2019-11-25 21:05:00
"823",-434,"RLA496825S",1.127,7.548875,-0.35371,2019-11-25 21:05:00
"824",-426,"RLA496825S",1.127,7.5566875,-0.34719,2019-11-25 21:05:00
"825",-422,"RLA496825S",1.127,7.5645,-0.34393,2019-11-25 21:05:00
"826",-429,"RLA496825S",1.127,7.5723125,-0.349635,2019-11-25 21:05:00
"827",-438,"RLA496825S",1.127,7.580125,-0.35697,2019-11-25 21:05:00
"828",-437,"RLA496825S",1.127,7.5879375,-0.356155,2019-11-25 21:05:00
"829",-434,"RLA496825S",1.127,7.59575,-0.35371,2019-11-25 21:05:00
"830",-434,"RLA496825S",1.127,7.6035625,-0.35371,2019-11-25 21:05:00
"831",-427,"RLA496825S",1.127,7.611375,-0.348005,2019-11-25 21:05:00
"832",-400,"RLA496825S",1.127,7.6191875,-0.326,2019-11-25 21:05:00
"833",-419,"RLA496825S",1.127,7.627,-0.341485,2019-11-25 21:05:00
"834",-453,"RLA496825S",1.127,7.6348125,-0.369195,2019-11-25 21:05:00
"835",-451,"RLA496825S",1.127,7.642625,-0.367565,2019-11-25 21:05:00
"836",-438,"RLA496825S",1.127,7.6504375,-0.35697,2019-11-25 21:05:00
"837",-438,"RLA496825S",1.127,7.65825,-0.35697,2019-11-25 21:05:00
"838",-437,"RLA496825S",1.127,7.6660625,-0.356155,2019-11-25 21:05:00
"839",-432,"RLA496825S",1.127,7.673875,-0.35208,2019-11-25 21:05:00
"840",-431,"RLA496825S",1.127,7.6816875,-0.351265,2019-11-25 21:05:00
"841",-428,"RLA496825S",1.127,7.6895,-0.34882,2019-11-25 21:05:00
"842",-427,"RLA496825S",1.127,7.6973125,-0.348005,2019-11-25 21:05:00
"843",-428,"RLA496825S",1.127,7.705125,-0.34882,2019-11-25 21:05:00
"844",-436,"RLA496825S",1.127,7.7129375,-0.35534,2019-11-25 21:05:00
"845",-444,"RLA496825S",1.127,7.72075,-0.36186,2019-11-25 21:05:00
"846",-577,"RLA496825S",1.127,7.7285625,-0.470255,2019-11-25 21:05:00
"847",-878,"RLA496825S",1.127,7.736375,-0.71557,2019-11-25 21:05:00
"848",-618,"RLA496825S",1.127,7.7441875,-0.50367,2019-11-25 21:05:00
"849",-191,"RLA496825S",1.127,7.752,-0.155665,2019-11-25 21:05:00
"850",-269,"RLA496825S",1.127,7.7598125,-0.219235,2019-11-25 21:05:00
"851",-487,"RLA496825S",1.127,7.767625,-0.396905,2019-11-25 21:05:00
"852",-461,"RLA496825S",1.127,7.7754375,-0.375715,2019-11-25 21:05:00
"853",-427,"RLA496825S",1.127,7.78325,-0.348005,2019-11-25 21:05:00
"854",-473,"RLA496825S",1.127,7.7910625,-0.385495,2019-11-25 21:05:00
"855",-449,"RLA496825S",1.127,7.798875,-0.365935,2019-11-25 21:05:00
"856",-426,"RLA496825S",1.127,7.8066875,-0.34719,2019-11-25 21:05:00
"857",-477,"RLA496825S",1.127,7.8145,-0.388755,2019-11-25 21:05:00
"858",-482,"RLA496825S",1.127,7.8223125,-0.39283,2019-11-25 21:05:00
"859",-485,"RLA496825S",1.127,7.830125,-0.395275,2019-11-25 21:05:00
"860",-479,"RLA496825S",1.127,7.8379375,-0.390385,2019-11-25 21:05:00
"861",-499,"RLA496825S",1.127,7.84575,-0.406685,2019-11-25 21:05:00
"862",-531,"RLA496825S",1.127,7.8535625,-0.432765,2019-11-25 21:05:00
"863",-492,"RLA496825S",1.127,7.861375,-0.40098,2019-11-25 21:05:00
"864",-504,"RLA496825S",1.127,7.8691875,-0.41076,2019-11-25 21:05:00
"865",-531,"RLA496825S",1.127,7.877,-0.432765,2019-11-25 21:05:00
"866",-555,"RLA496825S",1.127,7.8848125,-0.452325,2019-11-25 21:05:00
"867",-587,"RLA496825S",1.127,7.892625,-0.478405,2019-11-25 21:05:00
"868",-607,"RLA496825S",1.127,7.9004375,-0.494705,2019-11-25 21:05:00
"869",-644,"RLA496825S",1.127,7.90825,-0.52486,2019-11-25 21:05:00
"870",-674,"RLA496825S",1.127,7.9160625,-0.54931,2019-11-25 21:05:00
"871",-653,"RLA496825S",1.127,7.923875,-0.532195,2019-11-25 21:05:00
"872",-549,"RLA496825S",1.127,7.9316875,-0.447435,2019-11-25 21:05:00
"873",-451,"RLA496825S",1.127,7.9395,-0.367565,2019-11-25 21:05:00
"874",-404,"RLA496825S",1.127,7.9473125,-0.32926,2019-11-25 21:05:00
"875",-391,"RLA496825S",1.127,7.955125,-0.318665,2019-11-25 21:05:00
"876",-380,"RLA496825S",1.127,7.9629375,-0.3097,2019-11-25 21:05:00
"877",-386,"RLA496825S",1.127,7.97075,-0.31459,2019-11-25 21:05:00
"878",-388,"RLA496825S",1.127,7.9785625,-0.31622,2019-11-25 21:05:00
"879",-386,"RLA496825S",1.127,7.986375,-0.31459,2019-11-25 21:05:00
"880",-390,"RLA496825S",1.127,7.9941875,-0.31785,2019-11-25 21:05:00
"881",-388,"RLA496825S",1.127,8.002,-0.31622,2019-11-25 21:05:00
"882",-388,"RLA496825S",1.127,8.0098125,-0.31622,2019-11-25 21:05:00
"883",-388,"RLA496825S",1.127,8.017625,-0.31622,2019-11-25 21:05:00
"884",-390,"RLA496825S",1.127,8.0254375,-0.31785,2019-11-25 21:05:00
"885",-395,"RLA496825S",1.127,8.03325,-0.321925,2019-11-25 21:05:00
"886",-394,"RLA496825S",1.127,8.0410625,-0.32111,2019-11-25 21:05:00
"887",-396,"RLA496825S",1.127,8.048875,-0.32274,2019-11-25 21:05:00
"888",-394,"RLA496825S",1.127,8.0566875,-0.32111,2019-11-25 21:05:00
"889",-396,"RLA496825S",1.127,8.0645,-0.32274,2019-11-25 21:05:00
"890",-397,"RLA496825S",1.127,8.0723125,-0.323555,2019-11-25 21:05:00
"891",-394,"RLA496825S",1.127,8.080125,-0.32111,2019-11-25 21:05:00
"892",-397,"RLA496825S",1.127,8.0879375,-0.323555,2019-11-25 21:05:00
"893",-405,"RLA496825S",1.127,8.09575,-0.330075,2019-11-25 21:05:00
"894",-405,"RLA496825S",1.127,8.1035625,-0.330075,2019-11-25 21:05:00
"895",-402,"RLA496825S",1.127,8.111375,-0.32763,2019-11-25 21:05:00
"896",-405,"RLA496825S",1.127,8.1191875,-0.330075,2019-11-25 21:05:00
"897",-401,"RLA496825S",1.127,8.127,-0.326815,2019-11-25 21:05:00
"898",-397,"RLA496825S",1.127,8.1348125,-0.323555,2019-11-25 21:05:00
"899",-400,"RLA496825S",1.127,8.142625,-0.326,2019-11-25 21:05:00
"900",-403,"RLA496825S",1.127,8.1504375,-0.328445,2019-11-25 21:05:00
"901",-400,"RLA496825S",1.127,8.15825,-0.326,2019-11-25 21:05:00
"902",-401,"RLA496825S",1.127,8.1660625,-0.326815,2019-11-25 21:05:00
"903",-406,"RLA496825S",1.127,8.173875,-0.33089,2019-11-25 21:05:00
"904",-405,"RLA496825S",1.127,8.1816875,-0.330075,2019-11-25 21:05:00
"905",-406,"RLA496825S",1.127,8.1895,-0.33089,2019-11-25 21:05:00
"906",-414,"RLA496825S",1.127,8.1973125,-0.33741,2019-11-25 21:05:00
"907",-411,"RLA496825S",1.127,8.205125,-0.334965,2019-11-25 21:05:00
"908",-378,"RLA496825S",1.127,8.2129375,-0.30807,2019-11-25 21:05:00
"909",-368,"RLA496825S",1.127,8.22075,-0.29992,2019-11-25 21:05:00
"910",-414,"RLA496825S",1.127,8.2285625,-0.33741,2019-11-25 21:05:00
"911",-436,"RLA496825S",1.127,8.236375,-0.35534,2019-11-25 21:05:00
"912",-411,"RLA496825S",1.127,8.2441875,-0.334965,2019-11-25 21:05:00
"913",-410,"RLA496825S",1.127,8.252,-0.33415,2019-11-25 21:05:00
"914",-411,"RLA496825S",1.127,8.2598125,-0.334965,2019-11-25 21:05:00
"915",-409,"RLA496825S",1.127,8.267625,-0.333335,2019-11-25 21:05:00
"916",-411,"RLA496825S",1.127,8.2754375,-0.334965,2019-11-25 21:05:00
"917",-411,"RLA496825S",1.127,8.28325,-0.334965,2019-11-25 21:05:00
"918",-405,"RLA496825S",1.127,8.2910625,-0.330075,2019-11-25 21:05:00
"919",-404,"RLA496825S",1.127,8.298875,-0.32926,2019-11-25 21:05:00
"920",-401,"RLA496825S",1.127,8.3066875,-0.326815,2019-11-25 21:05:00
"921",-431,"RLA496825S",1.127,8.3145,-0.351265,2019-11-25 21:05:00
"922",-700,"RLA496825S",1.127,8.3223125,-0.5705,2019-11-25 21:05:00
"923",-1040,"RLA496825S",1.127,8.330125,-0.8476,2019-11-25 21:05:00
"924",-741,"RLA496825S",1.127,8.3379375,-0.603915,2019-11-25 21:05:00
"925",-229,"RLA496825S",1.127,8.34575,-0.186635,2019-11-25 21:05:00
"926",-294,"RLA496825S",1.127,8.3535625,-0.23961,2019-11-25 21:05:00
"927",-510,"RLA496825S",1.127,8.361375,-0.41565,2019-11-25 21:05:00
"928",-435,"RLA496825S",1.127,8.3691875,-0.354525,2019-11-25 21:05:00
"929",-422,"RLA496825S",1.127,8.377,-0.34393,2019-11-25 21:05:00
"930",-461,"RLA496825S",1.127,8.3848125,-0.375715,2019-11-25 21:05:00
"931",-430,"RLA496825S",1.127,8.392625,-0.35045,2019-11-25 21:05:00
"932",-458,"RLA496825S",1.127,8.4004375,-0.37327,2019-11-25 21:05:00
"933",-499,"RLA496825S",1.127,8.40825,-0.406685,2019-11-25 21:05:00
"934",-457,"RLA496825S",1.127,8.4160625,-0.372455,2019-11-25 21:05:00
"935",-465,"RLA496825S",1.127,8.423875,-0.378975,2019-11-25 21:05:00
"936",-475,"RLA496825S",1.127,8.4316875,-0.387125,2019-11-25 21:05:00
"937",-494,"RLA496825S",1.127,8.4395,-0.40261,2019-11-25 21:05:00
"938",-507,"RLA496825S",1.127,8.4473125,-0.413205,2019-11-25 21:05:00
"939",-492,"RLA496825S",1.127,8.455125,-0.40098,2019-11-25 21:05:00
"940",-528,"RLA496825S",1.127,8.4629375,-0.43032,2019-11-25 21:05:00
"941",-563,"RLA496825S",1.127,8.47075,-0.458845,2019-11-25 21:05:00
"942",-601,"RLA496825S",1.127,8.4785625,-0.489815,2019-11-25 21:05:00
"943",-648,"RLA496825S",1.127,8.486375,-0.52812,2019-11-25 21:05:00
"944",-670,"RLA496825S",1.127,8.4941875,-0.54605,2019-11-25 21:05:00
"945",-726,"RLA496825S",1.127,8.502,-0.59169,2019-11-25 21:05:00
"946",-755,"RLA496825S",1.127,8.5098125,-0.615325,2019-11-25 21:05:00
"947",-656,"RLA496825S",1.127,8.517625,-0.53464,2019-11-25 21:05:00
"948",-496,"RLA496825S",1.127,8.5254375,-0.40424,2019-11-25 21:05:00
"949",-394,"RLA496825S",1.127,8.53325,-0.32111,2019-11-25 21:05:00
"950",-367,"RLA496825S",1.127,8.5410625,-0.299105,2019-11-25 21:05:00
"951",-356,"RLA496825S",1.127,8.548875,-0.29014,2019-11-25 21:05:00
"952",-355,"RLA496825S",1.127,8.5566875,-0.289325,2019-11-25 21:05:00
"953",-360,"RLA496825S",1.127,8.5645,-0.2934,2019-11-25 21:05:00
"954",-359,"RLA496825S",1.127,8.5723125,-0.292585,2019-11-25 21:05:00
"955",-362,"RLA496825S",1.127,8.580125,-0.29503,2019-11-25 21:05:00
"956",-363,"RLA496825S",1.127,8.5879375,-0.295845,2019-11-25 21:05:00
"957",-368,"RLA496825S",1.127,8.59575,-0.29992,2019-11-25 21:05:00
"958",-372,"RLA496825S",1.127,8.6035625,-0.30318,2019-11-25 21:05:00
"959",-366,"RLA496825S",1.127,8.611375,-0.29829,2019-11-25 21:05:00
"960",-374,"RLA496825S",1.127,8.6191875,-0.30481,2019-11-25 21:05:00
"961",-381,"RLA496825S",1.127,8.627,-0.310515,2019-11-25 21:05:00
"962",-373,"RLA496825S",1.127,8.6348125,-0.303995,2019-11-25 21:05:00
"963",-373,"RLA496825S",1.127,8.642625,-0.303995,2019-11-25 21:05:00
"964",-379,"RLA496825S",1.127,8.6504375,-0.308885,2019-11-25 21:05:00
"965",-386,"RLA496825S",1.127,8.65825,-0.31459,2019-11-25 21:05:00
"966",-391,"RLA496825S",1.127,8.6660625,-0.318665,2019-11-25 21:05:00
"967",-385,"RLA496825S",1.127,8.673875,-0.313775,2019-11-25 21:05:00
"968",-389,"RLA496825S",1.127,8.6816875,-0.317035,2019-11-25 21:05:00
"969",-393,"RLA496825S",1.127,8.6895,-0.320295,2019-11-25 21:05:00
"970",-390,"RLA496825S",1.127,8.6973125,-0.31785,2019-11-25 21:05:00
"971",-386,"RLA496825S",1.127,8.705125,-0.31459,2019-11-25 21:05:00
"972",-392,"RLA496825S",1.127,8.7129375,-0.31948,2019-11-25 21:05:00
"973",-399,"RLA496825S",1.127,8.72075,-0.325185,2019-11-25 21:05:00
"974",-396,"RLA496825S",1.127,8.7285625,-0.32274,2019-11-25 21:05:00
"975",-397,"RLA496825S",1.127,8.736375,-0.323555,2019-11-25 21:05:00
"976",-396,"RLA496825S",1.127,8.7441875,-0.32274,2019-11-25 21:05:00
"977",-396,"RLA496825S",1.127,8.752,-0.32274,2019-11-25 21:05:00
"978",-403,"RLA496825S",1.127,8.7598125,-0.328445,2019-11-25 21:05:00
"979",-401,"RLA496825S",1.127,8.767625,-0.326815,2019-11-25 21:05:00
"980",-401,"RLA496825S",1.127,8.7754375,-0.326815,2019-11-25 21:05:00
"981",-404,"RLA496825S",1.127,8.78325,-0.32926,2019-11-25 21:05:00
"982",-383,"RLA496825S",1.127,8.7910625,-0.312145,2019-11-25 21:05:00
"983",-368,"RLA496825S",1.127,8.798875,-0.29992,2019-11-25 21:05:00
"984",-418,"RLA496825S",1.127,8.8066875,-0.34067,2019-11-25 21:05:00
"985",-429,"RLA496825S",1.127,8.8145,-0.349635,2019-11-25 21:05:00
"986",-412,"RLA496825S",1.127,8.8223125,-0.33578,2019-11-25 21:05:00
"987",-415,"RLA496825S",1.127,8.830125,-0.338225,2019-11-25 21:05:00
"988",-421,"RLA496825S",1.127,8.8379375,-0.343115,2019-11-25 21:05:00
"989",-413,"RLA496825S",1.127,8.84575,-0.336595,2019-11-25 21:05:00
"990",-408,"RLA496825S",1.127,8.8535625,-0.33252,2019-11-25 21:05:00
"991",-409,"RLA496825S",1.127,8.861375,-0.333335,2019-11-25 21:05:00
"992",-413,"RLA496825S",1.127,8.8691875,-0.336595,2019-11-25 21:05:00
"993",-410,"RLA496825S",1.127,8.877,-0.33415,2019-11-25 21:05:00
"994",-397,"RLA496825S",1.127,8.8848125,-0.323555,2019-11-25 21:05:00
"995",-505,"RLA496825S",1.127,8.892625,-0.411575,2019-11-25 21:05:00
"996",-923,"RLA496825S",1.127,8.9004375,-0.752245,2019-11-25 21:05:00
"997",-1185,"RLA496825S",1.127,8.90825,-0.965775,2019-11-25 21:05:00
"998",-706,"RLA496825S",1.127,8.9160625,-0.57539,2019-11-25 21:05:00
"999",-196,"RLA496825S",1.127,8.923875,-0.15974,2019-11-25 21:05:00
"1000",-393,"RLA496825S",1.127,8.9316875,-0.320295,2019-11-25 21:05:00
"1001",-533,"RLA496825S",1.127,8.9395,-0.434395,2019-11-25 21:05:00
"1002",-455,"RLA496825S",1.127,8.9473125,-0.370825,2019-11-25 21:05:00
"1003",-441,"RLA496825S",1.127,8.955125,-0.359415,2019-11-25 21:05:00
"1004",-474,"RLA496825S",1.127,8.9629375,-0.38631,2019-11-25 21:05:00
"1005",-460,"RLA496825S",1.127,8.97075,-0.3749,2019-11-25 21:05:00
"1006",-479,"RLA496825S",1.127,8.9785625,-0.390385,2019-11-25 21:05:00
"1007",-462,"RLA496825S",1.127,8.986375,-0.37653,2019-11-25 21:05:00
"1008",-438,"RLA496825S",1.127,8.9941875,-0.35697,2019-11-25 21:05:00
"1009",-502,"RLA496825S",1.127,9.002,-0.40913,2019-11-25 21:05:00
"1010",-517,"RLA496825S",1.127,9.0098125,-0.421355,2019-11-25 21:05:00
"1011",-522,"RLA496825S",1.127,9.017625,-0.42543,2019-11-25 21:05:00
"1012",-537,"RLA496825S",1.127,9.0254375,-0.437655,2019-11-25 21:05:00
"1013",-561,"RLA496825S",1.127,9.03325,-0.457215,2019-11-25 21:05:00
"1014",-596,"RLA496825S",1.127,9.0410625,-0.48574,2019-11-25 21:05:00
"1015",-615,"RLA496825S",1.127,9.048875,-0.501225,2019-11-25 21:05:00
"1016",-659,"RLA496825S",1.127,9.0566875,-0.537085,2019-11-25 21:05:00
"1017",-697,"RLA496825S",1.127,9.0645,-0.568055,2019-11-25 21:05:00
"1018",-747,"RLA496825S",1.127,9.0723125,-0.608805,2019-11-25 21:05:00
"1019",-790,"RLA496825S",1.127,9.080125,-0.64385,2019-11-25 21:05:00
"1020",-739,"RLA496825S",1.127,9.0879375,-0.602285,2019-11-25 21:05:00
"1021",-604,"RLA496825S",1.127,9.09575,-0.49226,2019-11-25 21:05:00
"1022",-478,"RLA496825S",1.127,9.1035625,-0.38957,2019-11-25 21:05:00
"1023",-417,"RLA496825S",1.127,9.111375,-0.339855,2019-11-25 21:05:00
"1024",-415,"RLA496825S",1.127,9.1191875,-0.338225,2019-11-25 21:05:00
"1025",-409,"RLA496825S",1.127,9.127,-0.333335,2019-11-25 21:05:00
"1026",-411,"RLA496825S",1.127,9.1348125,-0.334965,2019-11-25 21:05:00
"1027",-418,"RLA496825S",1.127,9.142625,-0.34067,2019-11-25 21:05:00
"1028",-417,"RLA496825S",1.127,9.1504375,-0.339855,2019-11-25 21:05:00
"1029",-423,"RLA496825S",1.127,9.15825,-0.344745,2019-11-25 21:05:00
"1030",-429,"RLA496825S",1.127,9.1660625,-0.349635,2019-11-25 21:05:00
"1031",-428,"RLA496825S",1.127,9.173875,-0.34882,2019-11-25 21:05:00
"1032",-433,"RLA496825S",1.127,9.1816875,-0.352895,2019-11-25 21:05:00
"1033",-437,"RLA496825S",1.127,9.1895,-0.356155,2019-11-25 21:05:00
"1034",-441,"RLA496825S",1.127,9.1973125,-0.359415,2019-11-25 21:05:00
"1035",-442,"RLA496825S",1.127,9.205125,-0.36023,2019-11-25 21:05:00
"1036",-447,"RLA496825S",1.127,9.2129375,-0.364305,2019-11-25 21:05:00
"1037",-453,"RLA496825S",1.127,9.22075,-0.369195,2019-11-25 21:05:00
"1038",-453,"RLA496825S",1.127,9.2285625,-0.369195,2019-11-25 21:05:00
"1039",-456,"RLA496825S",1.127,9.236375,-0.37164,2019-11-25 21:05:00
"1040",-459,"RLA496825S",1.127,9.2441875,-0.374085,2019-11-25 21:05:00
"1041",-459,"RLA496825S",1.127,9.252,-0.374085,2019-11-25 21:05:00
"1042",-464,"RLA496825S",1.127,9.2598125,-0.37816,2019-11-25 21:05:00
"1043",-464,"RLA496825S",1.127,9.267625,-0.37816,2019-11-25 21:05:00
"1044",-465,"RLA496825S",1.127,9.2754375,-0.378975,2019-11-25 21:05:00
"1045",-471,"RLA496825S",1.127,9.28325,-0.383865,2019-11-25 21:05:00
"1046",-474,"RLA496825S",1.127,9.2910625,-0.38631,2019-11-25 21:05:00
"1047",-474,"RLA496825S",1.127,9.298875,-0.38631,2019-11-25 21:05:00
"1048",-475,"RLA496825S",1.127,9.3066875,-0.387125,2019-11-25 21:05:00
"1049",-479,"RLA496825S",1.127,9.3145,-0.390385,2019-11-25 21:05:00
"1050",-483,"RLA496825S",1.127,9.3223125,-0.393645,2019-11-25 21:05:00
"1051",-486,"RLA496825S",1.127,9.330125,-0.39609,2019-11-25 21:05:00
"1052",-488,"RLA496825S",1.127,9.3379375,-0.39772,2019-11-25 21:05:00
"1053",-488,"RLA496825S",1.127,9.34575,-0.39772,2019-11-25 21:05:00
"1054",-473,"RLA496825S",1.127,9.3535625,-0.385495,2019-11-25 21:05:00
"1055",-448,"RLA496825S",1.127,9.361375,-0.36512,2019-11-25 21:05:00
"1056",-448,"RLA496825S",1.127,9.3691875,-0.36512,2019-11-25 21:05:00
"1057",-489,"RLA496825S",1.127,9.377,-0.398535,2019-11-25 21:05:00
"1058",-509,"RLA496825S",1.127,9.3848125,-0.414835,2019-11-25 21:05:00
"1059",-497,"RLA496825S",1.127,9.392625,-0.405055,2019-11-25 21:05:00
"1060",-493,"RLA496825S",1.127,9.4004375,-0.401795,2019-11-25 21:05:00
"1061",-495,"RLA496825S",1.127,9.40825,-0.403425,2019-11-25 21:05:00
"1062",-493,"RLA496825S",1.127,9.4160625,-0.401795,2019-11-25 21:05:00
"1063",-493,"RLA496825S",1.127,9.423875,-0.401795,2019-11-25 21:05:00
"1064",-490,"RLA496825S",1.127,9.4316875,-0.39935,2019-11-25 21:05:00
"1065",-487,"RLA496825S",1.127,9.4395,-0.396905,2019-11-25 21:05:00
"1066",-487,"RLA496825S",1.127,9.4473125,-0.396905,2019-11-25 21:05:00
"1067",-492,"RLA496825S",1.127,9.455125,-0.40098,2019-11-25 21:05:00
"1068",-516,"RLA496825S",1.127,9.4629375,-0.42054,2019-11-25 21:05:00
"1069",-669,"RLA496825S",1.127,9.47075,-0.545235,2019-11-25 21:05:00
"1070",-861,"RLA496825S",1.127,9.4785625,-0.701715,2019-11-25 21:05:00
"1071",-586,"RLA496825S",1.127,9.486375,-0.47759,2019-11-25 21:05:00
"1072",-69,"RLA496825S",1.127,9.4941875,-0.056235,2019-11-25 21:05:00
"1073",-282,"RLA496825S",1.127,9.502,-0.22983,2019-11-25 21:05:00
"1074",-549,"RLA496825S",1.127,9.5098125,-0.447435,2019-11-25 21:05:00
"1075",-522,"RLA496825S",1.127,9.517625,-0.42543,2019-11-25 21:05:00
"1076",-493,"RLA496825S",1.127,9.5254375,-0.401795,2019-11-25 21:05:00
"1077",-542,"RLA496825S",1.127,9.53325,-0.44173,2019-11-25 21:05:00
"1078",-508,"RLA496825S",1.127,9.5410625,-0.41402,2019-11-25 21:05:00
"1079",-476,"RLA496825S",1.127,9.548875,-0.38794,2019-11-25 21:05:00
"1080",-539,"RLA496825S",1.127,9.5566875,-0.439285,2019-11-25 21:05:00
"1081",-538,"RLA496825S",1.127,9.5645,-0.43847,2019-11-25 21:05:00
"1082",-542,"RLA496825S",1.127,9.5723125,-0.44173,2019-11-25 21:05:00
"1083",-536,"RLA496825S",1.127,9.580125,-0.43684,2019-11-25 21:05:00
"1084",-542,"RLA496825S",1.127,9.5879375,-0.44173,2019-11-25 21:05:00
"1085",-541,"RLA496825S",1.127,9.59575,-0.440915,2019-11-25 21:05:00
"1086",-517,"RLA496825S",1.127,9.6035625,-0.421355,2019-11-25 21:05:00
"1087",-557,"RLA496825S",1.127,9.611375,-0.453955,2019-11-25 21:05:00
"1088",-580,"RLA496825S",1.127,9.6191875,-0.4727,2019-11-25 21:05:00
"1089",-594,"RLA496825S",1.127,9.627,-0.48411,2019-11-25 21:05:00
"1090",-626,"RLA496825S",1.127,9.6348125,-0.51019,2019-11-25 21:05:00
"1091",-652,"RLA496825S",1.127,9.642625,-0.53138,2019-11-25 21:05:00
"1092",-706,"RLA496825S",1.127,9.6504375,-0.57539,2019-11-25 21:05:00
"1093",-729,"RLA496825S",1.127,9.65825,-0.594135,2019-11-25 21:05:00
"1094",-651,"RLA496825S",1.127,9.6660625,-0.530565,2019-11-25 21:05:00
"1095",-545,"RLA496825S",1.127,9.673875,-0.444175,2019-11-25 21:05:00
"1096",-473,"RLA496825S",1.127,9.6816875,-0.385495,2019-11-25 21:05:00
"1097",-468,"RLA496825S",1.127,9.6895,-0.38142,2019-11-25 21:05:00
"1098",-459,"RLA496825S",1.127,9.6973125,-0.374085,2019-11-25 21:05:00
"1099",-449,"RLA496825S",1.127,9.705125,-0.365935,2019-11-25 21:05:00
"1100",-460,"RLA496825S",1.127,9.7129375,-0.3749,2019-11-25 21:05:00
"1101",-462,"RLA496825S",1.127,9.72075,-0.37653,2019-11-25 21:05:00
"1102",-459,"RLA496825S",1.127,9.7285625,-0.374085,2019-11-25 21:05:00
"1103",-463,"RLA496825S",1.127,9.736375,-0.377345,2019-11-25 21:05:00
"1104",-461,"RLA496825S",1.127,9.7441875,-0.375715,2019-11-25 21:05:00
"1105",-463,"RLA496825S",1.127,9.752,-0.377345,2019-11-25 21:05:00
"1106",-462,"RLA496825S",1.127,9.7598125,-0.37653,2019-11-25 21:05:00
"1107",-459,"RLA496825S",1.127,9.767625,-0.374085,2019-11-25 21:05:00
"1108",-462,"RLA496825S",1.127,9.7754375,-0.37653,2019-11-25 21:05:00
"1109",-460,"RLA496825S",1.127,9.78325,-0.3749,2019-11-25 21:05:00
"1110",-458,"RLA496825S",1.127,9.7910625,-0.37327,2019-11-25 21:05:00
"1111",-458,"RLA496825S",1.127,9.798875,-0.37327,2019-11-25 21:05:00
"1112",-459,"RLA496825S",1.127,9.8066875,-0.374085,2019-11-25 21:05:00
"1113",-462,"RLA496825S",1.127,9.8145,-0.37653,2019-11-25 21:05:00
"1114",-461,"RLA496825S",1.127,9.8223125,-0.375715,2019-11-25 21:05:00
"1115",-463,"RLA496825S",1.127,9.830125,-0.377345,2019-11-25 21:05:00
"1116",-465,"RLA496825S",1.127,9.8379375,-0.378975,2019-11-25 21:05:00
"1117",-464,"RLA496825S",1.127,9.84575,-0.37816,2019-11-25 21:05:00
"1118",-464,"RLA496825S",1.127,9.8535625,-0.37816,2019-11-25 21:05:00
"1119",-464,"RLA496825S",1.127,9.861375,-0.37816,2019-11-25 21:05:00
"1120",-462,"RLA496825S",1.127,9.8691875,-0.37653,2019-11-25 21:05:00
"1121",-460,"RLA496825S",1.127,9.877,-0.3749,2019-11-25 21:05:00
"1122",-461,"RLA496825S",1.127,9.8848125,-0.375715,2019-11-25 21:05:00
"1123",-465,"RLA496825S",1.127,9.892625,-0.378975,2019-11-25 21:05:00
"1124",-464,"RLA496825S",1.127,9.9004375,-0.37816,2019-11-25 21:05:00
"1125",-462,"RLA496825S",1.127,9.90825,-0.37653,2019-11-25 21:05:00
"1126",-463,"RLA496825S",1.127,9.9160625,-0.377345,2019-11-25 21:05:00
"1127",-464,"RLA496825S",1.127,9.923875,-0.37816,2019-11-25 21:05:00
"1128",-466,"RLA496825S",1.127,9.9316875,-0.37979,2019-11-25 21:05:00
"1129",-465,"RLA496825S",1.127,9.9395,-0.378975,2019-11-25 21:05:00
"1130",-466,"RLA496825S",1.127,9.9473125,-0.37979,2019-11-25 21:05:00
"1131",-467,"RLA496825S",1.127,9.955125,-0.380605,2019-11-25 21:05:00
"1132",-465,"RLA496825S",1.127,9.9629375,-0.378975,2019-11-25 21:05:00
"1133",-465,"RLA496825S",1.127,9.97075,-0.378975,2019-11-25 21:05:00
"1134",-467,"RLA496825S",1.127,9.9785625,-0.380605,2019-11-25 21:05:00
"1135",-467,"RLA496825S",1.127,9.986375,-0.380605,2019-11-25 21:05:00
"1136",-467,"RLA496825S",1.127,9.9941875,-0.380605,2019-11-25 21:05:00
"1137",-467,"RLA496825S",1.127,10.002,-0.380605,2019-11-25 21:05:00
"1138",-466,"RLA496825S",1.127,10.0098125,-0.37979,2019-11-25 21:05:00
"1139",-465,"RLA496825S",1.127,10.017625,-0.378975,2019-11-25 21:05:00
"1140",-467,"RLA496825S",1.127,10.0254375,-0.380605,2019-11-25 21:05:00
"1141",-467,"RLA496825S",1.127,10.03325,-0.380605,2019-11-25 21:05:00
"1142",-466,"RLA496825S",1.127,10.0410625,-0.37979,2019-11-25 21:05:00
"1143",-466,"RLA496825S",1.127,10.048875,-0.37979,2019-11-25 21:05:00
"1144",-467,"RLA496825S",1.127,10.0566875,-0.380605,2019-11-25 21:05:00
"1145",-467,"RLA496825S",1.127,10.0645,-0.380605,2019-11-25 21:05:00
"1146",-468,"RLA496825S",1.127,10.0723125,-0.38142,2019-11-25 21:05:00
"1147",-469,"RLA496825S",1.127,10.080125,-0.382235,2019-11-25 21:05:00
"1148",-469,"RLA496825S",1.127,10.0879375,-0.382235,2019-11-25 21:05:00
"1149",-468,"RLA496825S",1.127,10.09575,-0.38142,2019-11-25 21:05:00
"1150",-468,"RLA496825S",1.127,10.1035625,-0.38142,2019-11-25 21:05:00
"1151",-468,"RLA496825S",1.127,10.111375,-0.38142,2019-11-25 21:05:00
"1152",-468,"RLA496825S",1.127,10.1191875,-0.38142,2019-11-25 21:05:00
"1153",-467,"RLA496825S",1.127,10.127,-0.380605,2019-11-25 21:05:00
"1154",-467,"RLA496825S",1.127,10.1348125,-0.380605,2019-11-25 21:05:00
"1155",-467,"RLA496825S",1.127,10.142625,-0.380605,2019-11-25 21:05:00
"1156",-469,"RLA496825S",1.127,10.1504375,-0.382235,2019-11-25 21:05:00
"1157",-471,"RLA496825S",1.127,10.15825,-0.383865,2019-11-25 21:05:00
"1158",-470,"RLA496825S",1.127,10.1660625,-0.38305,2019-11-25 21:05:00
"1159",-471,"RLA496825S",1.127,10.173875,-0.383865,2019-11-25 21:05:00
"1160",-471,"RLA496825S",1.127,10.1816875,-0.383865,2019-11-25 21:05:00
"1161",-470,"RLA496825S",1.127,10.1895,-0.38305,2019-11-25 21:05:00
"1162",-470,"RLA496825S",1.127,10.1973125,-0.38305,2019-11-25 21:05:00
"1163",-470,"RLA496825S",1.127,10.205125,-0.38305,2019-11-25 21:05:00
"1164",-471,"RLA496825S",1.127,10.2129375,-0.383865,2019-11-25 21:05:00
"1165",-473,"RLA496825S",1.127,10.22075,-0.385495,2019-11-25 21:05:00
"1166",-473,"RLA496825S",1.127,10.2285625,-0.385495,2019-11-25 21:05:00
"1167",-472,"RLA496825S",1.127,10.236375,-0.38468,2019-11-25 21:05:00
"1168",-471,"RLA496825S",1.127,10.2441875,-0.383865,2019-11-25 21:05:00
"1169",-471,"RLA496825S",1.127,10.252,-0.383865,2019-11-25 21:05:00
"1170",-472,"RLA496825S",1.127,10.2598125,-0.38468,2019-11-25 21:05:00
"1171",-473,"RLA496825S",1.127,10.267625,-0.385495,2019-11-25 21:05:00
"1172",-475,"RLA496825S",1.127,10.2754375,-0.387125,2019-11-25 21:05:00
"1173",-475,"RLA496825S",1.127,10.28325,-0.387125,2019-11-25 21:05:00
"1174",-472,"RLA496825S",1.127,10.2910625,-0.38468,2019-11-25 21:05:00
"1175",-472,"RLA496825S",1.127,10.298875,-0.38468,2019-11-25 21:05:00
"1176",-475,"RLA496825S",1.127,10.3066875,-0.387125,2019-11-25 21:05:00
"1177",-475,"RLA496825S",1.127,10.3145,-0.387125,2019-11-25 21:05:00
"1178",-474,"RLA496825S",1.127,10.3223125,-0.38631,2019-11-25 21:05:00
"1179",-474,"RLA496825S",1.127,10.330125,-0.38631,2019-11-25 21:05:00
"1180",-475,"RLA496825S",1.127,10.3379375,-0.387125,2019-11-25 21:05:00
"1181",-475,"RLA496825S",1.127,10.34575,-0.387125,2019-11-25 21:05:00
"1182",-474,"RLA496825S",1.127,10.3535625,-0.38631,2019-11-25 21:05:00
"1183",-475,"RLA496825S",1.127,10.361375,-0.387125,2019-11-25 21:05:00
"1184",-475,"RLA496825S",1.127,10.3691875,-0.387125,2019-11-25 21:05:00
"1185",-474,"RLA496825S",1.127,10.377,-0.38631,2019-11-25 21:05:00
"1186",-475,"RLA496825S",1.127,10.3848125,-0.387125,2019-11-25 21:05:00
"1187",-474,"RLA496825S",1.127,10.392625,-0.38631,2019-11-25 21:05:00
"1188",-474,"RLA496825S",1.127,10.4004375,-0.38631,2019-11-25 21:05:00
"1189",-478,"RLA496825S",1.127,10.40825,-0.38957,2019-11-25 21:05:00
"1190",-478,"RLA496825S",1.127,10.4160625,-0.38957,2019-11-25 21:05:00
"1191",-475,"RLA496825S",1.127,10.423875,-0.387125,2019-11-25 21:05:00
"1192",-477,"RLA496825S",1.127,10.4316875,-0.388755,2019-11-25 21:05:00
"1193",-476,"RLA496825S",1.127,10.4395,-0.38794,2019-11-25 21:05:00
"1194",-476,"RLA496825S",1.127,10.4473125,-0.38794,2019-11-25 21:05:00
"1195",-476,"RLA496825S",1.127,10.455125,-0.38794,2019-11-25 21:05:00
"1196",-475,"RLA496825S",1.127,10.4629375,-0.387125,2019-11-25 21:05:00
"1197",-476,"RLA496825S",1.127,10.47075,-0.38794,2019-11-25 21:05:00
"1198",-477,"RLA496825S",1.127,10.4785625,-0.388755,2019-11-25 21:05:00
"1199",-476,"RLA496825S",1.127,10.486375,-0.38794,2019-11-25 21:05:00
"1200",-475,"RLA496825S",1.127,10.4941875,-0.387125,2019-11-25 21:05:00
"1201",-475,"RLA496825S",1.127,10.502,-0.387125,2019-11-25 21:05:00
"1202",-476,"RLA496825S",1.127,10.5098125,-0.38794,2019-11-25 21:05:00
"1203",-476,"RLA496825S",1.127,10.517625,-0.38794,2019-11-25 21:05:00
"1204",-476,"RLA496825S",1.127,10.5254375,-0.38794,2019-11-25 21:05:00
"1205",-479,"RLA496825S",1.127,10.53325,-0.390385,2019-11-25 21:05:00
"1206",-478,"RLA496825S",1.127,10.5410625,-0.38957,2019-11-25 21:05:00
"1207",-477,"RLA496825S",1.127,10.548875,-0.388755,2019-11-25 21:05:00
"1208",-477,"RLA496825S",1.127,10.5566875,-0.388755,2019-11-25 21:05:00
"1209",-452,"RLA496825S",1.127,10.5645,-0.36838,2019-11-25 21:05:00
"1210",-442,"RLA496825S",1.127,10.5723125,-0.36023,2019-11-25 21:05:00
"1211",-478,"RLA496825S",1.127,10.580125,-0.38957,2019-11-25 21:05:00
"1212",-496,"RLA496825S",1.127,10.5879375,-0.40424,2019-11-25 21:05:00
"1213",-481,"RLA496825S",1.127,10.59575,-0.392015,2019-11-25 21:05:00
"1214",-478,"RLA496825S",1.127,10.6035625,-0.38957,2019-11-25 21:05:00
"1215",-482,"RLA496825S",1.127,10.611375,-0.39283,2019-11-25 21:05:00
"1216",-477,"RLA496825S",1.127,10.6191875,-0.388755,2019-11-25 21:05:00
"1217",-477,"RLA496825S",1.127,10.627,-0.388755,2019-11-25 21:05:00
"1218",-477,"RLA496825S",1.127,10.6348125,-0.388755,2019-11-25 21:05:00
"1219",-474,"RLA496825S",1.127,10.642625,-0.38631,2019-11-25 21:05:00
"1220",-471,"RLA496825S",1.127,10.6504375,-0.383865,2019-11-25 21:05:00
"1221",-472,"RLA496825S",1.127,10.65825,-0.38468,2019-11-25 21:05:00
"1222",-488,"RLA496825S",1.127,10.6660625,-0.39772,2019-11-25 21:05:00
"1223",-501,"RLA496825S",1.127,10.673875,-0.408315,2019-11-25 21:05:00
"1224",-508,"RLA496825S",1.127,10.6816875,-0.41402,2019-11-25 21:05:00
"1225",-892,"RLA496825S",1.127,10.6895,-0.72698,2019-11-25 21:05:00
"1226",-28,"RLA496825S",1.127,10.6973125,-0.02282,2019-11-25 21:05:00
"1227",-300,"RLA496825S",1.127,10.705125,-0.2445,2019-11-25 21:05:00
